chu_ky,soh_uoc_luong
0,0.99895173
1,0.99795026
2,0.99510115
3,0.9948987
4,0.99624383
5,0.99327993
6,0.9934927
7,0.9920924
8,0.9930595
9,0.9933121
10,0.99152935
11,0.99004686
12,0.9906975
13,0.9908093
14,0.98992217
15,0.9889394
16,0.9886068
17,0.9887675
18,0.99014163
19,0.98840183
20,0.988462
21,0.9899411
22,0.9864232
23,0.9879073
24,0.9894474
25,0.98777854
26,0.98805594
27,0.9876863
28,0.9878616
29,0.9872499
30,0.9872745
31,0.9853979
32,0.9884553
33,0.98544353
34,0.988609
35,0.98551065
36,0.98368233
37,0.98499274
38,0.9855362
39,0.9858156
40,0.9850521
41,0.9837221
42,0.9841364
43,0.98538923
44,0.9856079
45,0.9834802
46,0.9859342
47,0.98532885
48,0.98515725
49,0.9822926
50,0.9844954
51,0.98482454
52,0.9846514
53,0.98294604
54,0.98284423
55,0.9834036
56,0.98219603
57,0.9823335
58,0.9837436
59,0.9819418
60,0.9833716
61,0.98255014
62,0.9830446
63,0.9830879
64,0.98246855
65,0.9833981
66,0.9815338
67,0.9824878
68,0.98248947
69,0.9808371
70,0.9803117
71,0.9806942
72,0.9791411
73,0.9814899
74,0.9810235
75,0.9785208
76,0.98044705
77,0.97816515
78,0.98081845
79,0.98003983
80,0.97989845
81,0.9793777
82,0.97870034
83,0.9812836
84,0.9801694
85,0.97666997
86,0.9791581
87,0.97905356
88,0.97955173
89,0.97660005
90,0.97917163
91,0.97722596
92,0.9793361
93,0.97925293
94,0.9791845
95,0.978723
96,0.9783909
97,0.9782876
98,0.97620785
99,0.97773945
100,0.9767625
101,0.97642463
102,0.977126
103,0.97379637
104,0.9785079
105,0.9766723
106,0.97659117
107,0.97628635
108,0.9751089
109,0.978081
110,0.97605866
111,0.9745472
112,0.9764468
113,0.97759306
114,0.9751828
115,0.97446716
116,0.97364193
117,0.974865
118,0.9739601
119,0.97384185
120,0.9745754
121,0.9758687
122,0.9747835
123,0.97180945
124,0.97315377
125,0.9740668
126,0.974345
127,0.97313094
128,0.97544765
129,0.9727582
130,0.97589266
131,0.9756586
132,0.971593
133,0.97385126
134,0.97243404
135,0.97413254
136,0.9739033
137,0.9718877
138,0.97474307
139,0.9743593
140,0.971074
141,0.97200996
142,0.97514486
145,0.97297764
146,0.9735526
147,0.973058
148,0.9722257
149,0.9715414
150,0.971869
151,0.97221214
152,0.9708827
153,0.9702631
154,0.9714549
155,0.9717498
156,0.9713658
157,0.9716359
158,0.9701403
159,0.96790236
160,0.9684321
161,0.969962
162,0.9712701
163,0.9696526
164,0.9696839
165,0.9690563
166,0.96908605
167,0.967191
168,0.966119
169,0.9685619
170,0.9681638
171,0.9688277
172,0.96892685
173,0.9688414
174,0.96797365
175,0.9680838
176,0.96630085
177,0.9683803
178,0.9684372
179,0.9669899
180,0.9645728
181,0.96437925
182,0.96493965
183,0.9652461
184,0.964355
185,0.9644884
186,0.9651563
187,0.96061647
188,0.96171784
189,0.9644439
190,0.9647996
191,0.95843905
192,0.95997405
194,0.963271
195,0.96077764
196,0.9616705
197,0.9587891
198,0.9625223
199,0.95791537
200,0.95965105
201,0.95860875
202,0.9584234
203,0.9567144
204,0.95603627
205,0.9577005
206,0.9574956
207,0.9536516
208,0.9525442
209,0.95483446
210,0.95187247
211,0.9540953
212,0.95219094
213,0.950518
214,0.94872963
215,0.9471047
216,0.9464737
217,0.9463461
218,0.9447205
219,0.94057846
220,0.9406385
221,0.93994284
222,0.9397046
223,0.9398776
224,0.940241
225,0.9324291
226,0.9339883
227,0.9352076
228,0.93346673
229,0.93024296
230,0.93632954
231,0.93258524
232,0.9316144
233,0.9352532
234,0.93160784
235,0.92948467
236,0.9265275
237,0.93021
238,0.9271737
239,0.9233368
240,0.9205107
241,0.92264503
242,0.9226022
243,0.9225189
244,0.9229441
245,0.92406464
246,0.9200774
247,0.9244334
248,0.9242745
249,0.9239607
250,0.9159112
251,0.9162191
252,0.91966647
253,0.9226945
254,0.9179803
255,0.91426474
256,0.92013973
257,0.9228472
258,0.91987
259,0.9165318
261,0.909326
262,0.9065231
263,0.9123321
264,0.91694355
265,0.92144567
266,0.91398036
267,0.9175924
268,0.91256225
269,0.9079866
271,0.9059056
272,0.90328383
273,0.9006181
274,0.90231895
275,0.9175456
276,0.9225351
278,0.9150233
279,0.9035264
280,0.9121162
281,0.9095509
282,0.9002909
284,0.89744216
285,0.88450116
287,0.9007878
288,0.91066945
289,0.90883577
290,0.9057409
291,0.9054505
293,0.90188926
294,0.90041363
295,0.8979253
296,0.8980548
297,0.8994591
298,0.89688414
299,0.90501696
300,0.9053514
301,0.89262795
302,0.8974422
303,0.893356
304,0.88316786
305,0.9031516
306,0.89181393
307,0.88664794
308,0.88342184
310,0.89164674
311,0.88160425
312,0.88357997
313,0.8848985
315,0.8817344
316,0.89373595
317,0.89337146
321,0.8796192
323,0.8812166
326,0.8830601
328,0.887336
329,0.88333255
330,0.8827547
331,0.8788671
332,0.8784939
334,0.87271607
335,0.8737954
336,0.8686876
337,0.8699176
338,0.8730226
339,0.8696424
340,0.8739923
342,0.86840165
343,0.86891234
344,0.87227017
345,0.8646505
346,0.86318785
347,0.8737032
348,0.8790523
349,0.8756561
350,0.8655721
351,0.8692256
352,0.8637759
353,0.86230475
354,0.85395247
355,0.86191636
356,0.8536873
357,0.85452443
358,0.85547006
359,0.86157525
360,0.86807203
361,0.8621839
362,0.8653522
363,0.8588605
364,0.8609639
365,0.85517144
366,0.85313225
367,0.8482444
368,0.8504851
369,0.841564
370,0.8412373
371,0.8440995
372,0.85400987
373,0.84509844
374,0.8510946
375,0.8443869
376,0.8432161
377,0.84041363
378,0.83692825
379,0.8342465
380,0.83250016
381,0.8284032
382,0.8300569
383,0.82420754
384,0.8347597
385,0.82622457
386,0.82643837
387,0.8267601
388,0.8259319
389,0.81556225
390,0.81750256
391,0.81113696
392,0.8065001
393,0.8129006
394,0.80729574
395,0.80372256
396,0.82203156
397,0.8133048
398,0.80309993
399,0.8026361
400,0.8036547
401,0.8026275
402,0.7999842
403,0.7953663
404,0.799206
