nhanh,bo,MAE_cell,MAE_hang,MAE_late,EOL_MAE,EOL_bias,EOL_n,EOL_bo_sot,EOL_bao_gia,MonoViol100,Jitter
A,HUST,0.01980214057595174,0.01955623776125609,0.03831463242250733,132.53639846743295,-87.65517241379311,261,124,0,0.26421190227671576,0.005417581830861638
A,MIT,0.0033964461060547358,0.003850439564541226,0.005557089753895883,18.89913544668588,8.023054755043228,347,28,19,0.10649518709366605,0.0024673341325807856
A,TJU,0.011327151978658842,0.009322063972965247,0.009300462282453804,25.36842105263158,-10.345394736842104,608,7,15,0.18452693584938024,0.004564620176385304
A,XJTU,0.01594568211965269,0.013697086468602697,0.02482870363143189,27.197424892703864,-20.957081545064376,233,17,5,0.30323562312708,0.0067339677580061765
B,HUST,0.017824399439288076,0.017578872778422558,0.03605248172559645,117.85652173913043,-58.404347826086955,230,155,0,0.11265256774607114,0.002386615097947747
B,MIT,0.002687466552410951,0.0028949313659679538,0.004155641917789018,17.056338028169016,11.411267605633803,355,20,13,0.05388433544132525,0.001388567608952301
B,TJU,0.010673338982057122,0.008787201561137145,0.008802176025066718,22.777594728171334,-5.344316309719934,607,8,11,0.09482334071987752,0.002737995113157701
B,XJTU,0.014540365670992907,0.012830979604292136,0.023495602688008984,25.179723502304146,-12.276497695852534,217,33,5,0.19131752310385233,0.004280655321586895
C,HUST,0.017298190121971577,0.017100786115533635,0.034907805156518874,116.76315789473684,-61.1140350877193,228,157,0,0.09684752190658913,0.0020694494118564197
C,MIT,0.002575299012619748,0.002698686301888951,0.00349747503209582,17.033898305084747,13.05084745762712,354,21,12,0.04804188829174901,0.00126963445483769
C,TJU,0.010847686228404513,0.008983731096374578,0.0089934321754169,22.11056105610561,-5.245874587458746,606,9,12,0.09747339166941318,0.0027912271116039113
C,XJTU,0.01344136649728584,0.012163484880148416,0.022649691155268437,16.89855072463768,-3.5845410628019323,207,43,0,0.13595093103533576,0.0032303000444345556
D,HUST,0.017410538058023693,0.01722325386112919,0.03541853693222188,114.91629955947137,-61.23348017621145,227,158,0,0.0983867184761125,0.0021011678056689293
D,MIT,0.0028635860671893613,0.0031765524573294304,0.0040557019659520945,17.352272727272727,12.647727272727273,352,23,13,0.04823434334754339,0.0012771118816931985
D,TJU,0.010998800937125207,0.009120397114687703,0.00913656633943932,22.471169686985174,-5.215815485996705,607,8,12,0.09928547065485903,0.002819017177519828
D,XJTU,0.01412843627410345,0.012501139309662332,0.023302677081073662,17.408653846153847,-3.3413461538461537,208,42,0,0.13840344329052887,0.003358614891944859
E,HUST,0.017485837970833848,0.017244751223501224,0.03582379653264136,117.81614349775785,-57.54708520179372,223,162,0,0.09508800616420816,0.002033413447604882
E,MIT,0.0030079071233839474,0.0033262441771329714,0.005355491419036236,23.10801393728223,17.94425087108014,287,88,3,0.04212417314613001,0.0011316722404037143
E,TJU,0.01130997869860268,0.009370078968745678,0.009406535361991642,22.235973597359735,-4.6650165016501655,606,9,15,0.08500323246819577,0.0024818327538242055
E,XJTU,0.013369420964508452,0.012069068256454872,0.021990600257503063,18.47752808988764,-0.15168539325842698,178,72,0,0.11711777566146937,0.0028037153849378932
F,HUST,0.016936580435794626,0.016667437864521642,0.032322790216956776,116.056,-60.896,250,135,0,0.23044577484985151,0.004740558637959785
F,MIT,0.002858704270344163,0.0031045443038639695,0.003999590779873495,17.469565217391306,11.278260869565218,345,30,7,0.0944347026615702,0.0022174911039995054
F,TJU,0.009636105284776191,0.007863529875814334,0.007769522309201578,20.39144736842105,-7.2269736842105265,608,7,17,0.17211700112342226,0.004318090916100949
F,XJTU,0.012743416128206382,0.011651925751860115,0.02141162471013212,15.735159817351597,-8.036529680365296,219,31,3,0.26810768188980544,0.006079506358354639
G,HUST,0.015992570472772742,0.015734525161355383,0.03234013448119177,102.1930693069307,-55.14356435643565,202,183,0,0.09905323478651645,0.0021111151190895817
G,MIT,0.002436477145019766,0.002532856280620059,0.0031424368745617943,16.728571428571428,13.351428571428572,350,25,11,0.04879951943608376,0.0012846614314770278
G,TJU,0.010516447262577035,0.008232675452420499,0.008127456864393092,20.854545454545455,-5.033057851239669,605,10,14,0.108074052287741,0.0030163612107326344
G,XJTU,0.012190613616257753,0.011194337369815743,0.02170770928626497,16.72429906542056,-0.6962616822429907,214,36,0,0.13882949759446495,0.003310057679726516
M10,HUST,0.03795414931897287,0.037312804515617574,0.05533770755083154,303.97047970479707,-269.2250922509225,271,114,0,0.3418566487594648,0.006967784693626336
M10,MIT,0.008542837728752221,0.008166194846082124,0.011726276292175977,37.42690058479532,-12.011695906432749,342,33,60,0.16561125708905466,0.0037079444642347595
M10,TJU,0.015496058718107261,0.012932348294865928,0.013036492639134208,31.102479338842976,-11.895867768595041,605,10,17,0.18780200859219456,0.004654601314900731
M10,XJTU,0.024724320925755074,0.019256309406949525,0.033502463657766574,41.28054298642534,-32.248868778280546,221,29,12,0.3570487564241119,0.00802707777149212
M50,HUST,0.017728566465295754,0.017441766296554913,0.03353943980690378,120.19678714859438,-70.43775100401606,249,136,0,0.22695126668717566,0.004672169799893729
M50,MIT,0.0030390872823795466,0.0033447576384605096,0.004322593749289846,18.84011627906977,9.01453488372093,344,31,15,0.09930172921908516,0.00231723434595236
M50,TJU,0.009993471789161304,0.008348467362116894,0.008271870934259603,21.612850082372322,-6.815485996705107,607,8,15,0.1709395628583146,0.004290256576065481
M50,XJTU,0.014582594521189636,0.012852420058830662,0.023191103862591763,21.2,-14.56,225,25,3,0.2865394624466728,0.006475239481171354
P10,HUST,0.02298176687868958,0.023290882204228026,0.047835711664565274,161.11711711711712,-112.57657657657657,222,163,0,0.10525478230872212,0.0022379427810675367
P10,MIT,0.0033362771661739608,0.003541087248312335,0.005212142929056423,19.178977272727273,9.474431818181818,352,23,27,0.05461332965265454,0.0014165426935961838
P10,TJU,0.013906576877063525,0.011510642010049114,0.01165485423594831,27.332231404958677,-4.218181818181818,605,10,12,0.09209544457558884,0.002720976126322026
P10,XJTU,0.014934990248449768,0.013558114238611823,0.02397548500015777,20.009174311926607,-7.4036697247706424,218,32,2,0.14232800943852547,0.0034080158970614363
P50,HUST,0.016114644402899912,0.015867561353599915,0.03210762546907034,107.92760180995475,-47.21266968325792,221,164,0,0.09681964987152326,0.0020687718845751584
P50,MIT,0.002475771663565553,0.0026104962548174375,0.0032773064382722074,16.768802228412255,12.311977715877438,359,16,11,0.04861810176702393,0.0012819280483415555
P50,TJU,0.010457906168937367,0.008465267154113564,0.008429572320905342,21.464462809917354,-3.9041322314049585,605,10,13,0.10688994302779559,0.0029925719921121614
P50,XJTU,0.013519250210119477,0.012131519602828975,0.021720319558451096,16.586046511627906,-1.3395348837209302,215,35,0,0.14933438595284293,0.0035647187119941925
