arm,dataset,repeat,fold,n_train,n_lab,n_test,steps,mae_row,lam,Ea
A,HUST,0,0,53,23,16,3600,0.019942147490016465,,
A,HUST,1,0,54,23,15,2500,0.017320504903298225,,
A,HUST,1,1,53,23,16,1600,0.023074345850568546,,
A,HUST,1,2,53,23,16,3100,0.020899641334420217,,
A,HUST,1,3,54,23,15,4000,0.018629059935258006,,
A,HUST,1,4,54,23,15,1800,0.02001674329126883,,
A,HUST,0,1,54,23,15,2500,0.02265172776394393,,
A,HUST,2,0,54,23,15,2600,0.016652455198075747,,
A,HUST,2,1,53,23,16,4000,0.016278263764447694,,
A,HUST,2,2,53,23,16,2500,0.02180703444421452,,
A,HUST,2,3,54,23,15,1700,0.017524577450531455,,
A,HUST,2,4,54,23,15,3300,0.016759893730408905,,
A,HUST,0,2,54,23,15,2100,0.01959946142512057,,
A,HUST,3,0,54,23,15,2000,0.016838477430680107,,
A,HUST,3,1,53,23,16,1700,0.01950908060728818,,
A,HUST,3,2,53,23,16,1800,0.019248440372505768,,
A,HUST,3,3,54,23,15,4000,0.02102554423199663,,
A,HUST,3,4,54,23,15,2900,0.016644264085309397,,
A,HUST,0,3,54,23,15,3600,0.018304964340989792,,
A,HUST,4,0,53,23,16,3500,0.016054080094362454,,
A,HUST,4,1,53,23,16,2400,0.020302144559273587,,
A,HUST,4,2,54,23,15,3900,0.01635931671220833,,
A,HUST,4,3,54,23,15,1800,0.021030994893607918,,
A,HUST,4,4,54,23,15,2200,0.023611832050783075,,
A,HUST,0,4,53,23,16,1700,0.027746488557080604,,
A,MIT,0,0,88,38,25,4000,0.004244641291345261,,
A,MIT,1,0,88,38,25,4000,0.007815940197818776,,
A,MIT,1,1,88,38,25,4000,0.002978633238128575,,
A,MIT,1,2,88,38,25,4000,0.0032807732861734997,,
A,MIT,1,3,88,38,25,4000,0.0032553116431347285,,
A,MIT,1,4,88,38,25,4000,0.0030696571865778937,,
A,MIT,0,1,88,38,25,4000,0.0030433615425620193,,
A,MIT,2,0,88,38,25,4000,0.0033300932425744186,,
A,MIT,2,1,88,38,25,4000,0.0024551708457151242,,
A,MIT,2,2,88,38,25,4000,0.0062324332795465525,,
A,MIT,2,3,88,38,25,4000,0.003634533594999774,,
A,MIT,2,4,88,38,25,4000,0.004209786552606011,,
A,MIT,0,2,88,38,25,4000,0.003304254523908875,,
A,MIT,3,0,88,38,25,4000,0.003706816669392739,,
A,MIT,3,1,88,38,25,4000,0.0056817189051792056,,
A,MIT,3,2,88,38,25,4000,0.002464928635747941,,
A,MIT,3,3,88,38,25,4000,0.0033849016917951637,,
A,MIT,3,4,88,38,25,4000,0.003986865711758407,,
A,MIT,0,3,88,38,25,4000,0.0035922848242517795,,
A,MIT,4,0,88,38,25,4000,0.0043536440589516815,,
A,MIT,4,1,88,38,25,4000,0.002300472801259229,,
A,MIT,4,2,88,38,25,4000,0.006508697854949469,,
A,MIT,4,3,88,38,25,4000,0.0037345785670376847,,
A,MIT,4,4,88,38,25,4000,0.002906107907555571,,
A,MIT,0,4,88,38,25,4000,0.0033199766865986,,
A,TJU,0,0,91,39,26,2900,0.010809471245949224,,
A,TJU,1,0,91,39,26,4000,0.006636033316953488,,
A,TJU,1,1,91,39,26,3100,0.011233784684838844,,
A,TJU,1,2,91,39,26,3700,0.009153025251651981,,
A,TJU,1,3,91,39,26,4000,0.008676543390606486,,
A,TJU,1,4,91,39,26,3400,0.009493538642141334,,
A,TJU,0,1,91,39,26,1600,0.015145402064485603,,
A,TJU,2,0,91,39,26,4000,0.008325710107718251,,
A,TJU,2,1,91,39,26,2500,0.009687763125778383,,
A,TJU,2,2,91,39,26,4000,0.009372355003306554,,
A,TJU,2,3,91,39,26,3200,0.009628221948087002,,
A,TJU,2,4,91,39,26,2600,0.010119789158550795,,
A,TJU,0,2,91,39,26,3800,0.009732394395228139,,
A,TJU,3,0,91,39,26,3400,0.009554631206703202,,
A,TJU,3,1,91,39,26,4000,0.009545094825412945,,
A,TJU,3,2,91,39,26,4000,0.007515095042053764,,
A,TJU,3,3,91,39,26,4000,0.008208574604773745,,
A,TJU,3,4,91,39,26,3900,0.00957316953189325,,
A,TJU,0,3,91,39,26,2900,0.008652439026023343,,
A,TJU,4,0,91,39,26,3800,0.009239074214281016,,
A,TJU,4,1,91,39,26,4000,0.00809687403455439,,
A,TJU,4,2,91,39,26,4000,0.008994834537091462,,
A,TJU,4,3,91,39,26,4000,0.00772225227280127,,
A,TJU,4,4,91,39,26,2400,0.009460399944798413,,
A,TJU,0,4,91,39,26,3900,0.008912514208658646,,
A,XJTU,0,0,38,16,11,4000,0.013017242040082562,,
A,XJTU,1,0,38,16,11,4000,0.011693765320162832,,
A,XJTU,1,1,38,16,11,2600,0.016602533426022564,,
A,XJTU,1,2,38,16,11,4000,0.011093118000521469,,
A,XJTU,1,3,38,16,11,2800,0.011621122859026873,,
A,XJTU,1,4,38,16,11,4000,0.02358232730141198,,
A,XJTU,0,1,38,16,11,4000,0.013309450167227604,,
A,XJTU,2,0,38,16,11,4000,0.011102257729978806,,
A,XJTU,2,1,38,16,11,4000,0.016613041116574054,,
A,XJTU,2,2,38,16,11,4000,0.012684948581485122,,
A,XJTU,2,3,38,16,11,3000,0.014605897123627715,,
A,XJTU,2,4,38,16,11,4000,0.010836125569171216,,
A,XJTU,0,2,38,16,11,4000,0.014351988199920626,,
A,XJTU,3,0,38,16,11,4000,0.010930021086043193,,
A,XJTU,3,1,38,16,11,2500,0.017277153589097212,,
A,XJTU,3,2,38,16,11,4000,0.012583474143070131,,
A,XJTU,3,3,38,16,11,4000,0.012303994517324434,,
A,XJTU,3,4,38,16,11,4000,0.013641432807717624,,
A,XJTU,0,3,38,16,11,4000,0.008793606297118525,,
A,XJTU,4,0,38,16,11,1700,0.019922877262808895,,
A,XJTU,4,1,38,16,11,3500,0.010787318878638463,,
A,XJTU,4,2,38,16,11,2900,0.016980704703888336,,
A,XJTU,4,3,38,16,11,3700,0.012808324188971128,,
A,XJTU,4,4,38,16,11,3400,0.012436630277885514,,
A,XJTU,0,4,38,16,11,4000,0.01125553622660732,,
B,HUST,0,0,53,23,16,4000,0.019438896696271767,0.9503208994865417,28.928859375
B,HUST,1,0,54,23,15,3700,0.014717832229622179,0.9686121940612793,28.971150390625
B,HUST,1,1,53,23,16,2800,0.016286846298912805,0.9747836589813232,28.850763671875
B,HUST,1,2,53,23,16,2100,0.022081230340323114,0.9691697955131531,28.9870234375
B,HUST,1,3,54,23,15,4000,0.015880005441016146,0.955390214920044,28.9201640625
B,HUST,1,4,54,23,15,2400,0.015512354556108676,0.9690430164337158,28.92755078125
B,HUST,0,1,54,23,15,2200,0.022121736607800136,0.9718647599220276,28.95917578125
B,HUST,2,0,54,23,15,2900,0.01705288603095015,0.9900264739990234,28.93448828125
B,HUST,2,1,53,23,16,2100,0.01505844449321425,0.9669862389564514,28.8514453125
B,HUST,2,2,53,23,16,2400,0.01862003391161762,0.9797804951667786,28.907998046875
B,HUST,2,3,54,23,15,1800,0.01797112569147544,0.9665136337280273,29.025578125
B,HUST,2,4,54,23,15,3600,0.016133713958872756,0.9569588899612427,28.9597734375
B,HUST,0,2,54,23,15,3200,0.0166241962386143,0.9848266839981079,28.961298828125
B,HUST,3,0,54,23,15,3300,0.014109446499648867,0.983060896396637,28.90910546875
B,HUST,3,1,53,23,16,1800,0.019931378825979843,0.968014121055603,29.0109609375
B,HUST,3,2,53,23,16,2500,0.016313364352844525,0.9826241731643677,28.933505859375
B,HUST,3,3,54,23,15,3500,0.016973292185334665,0.9778050184249878,28.953853515625
B,HUST,3,4,54,23,15,2700,0.017461980126679596,0.9766802787780762,28.9330703125
B,HUST,0,3,54,23,15,3800,0.013846084651899212,0.9868749380111694,28.88465625
B,HUST,4,0,53,23,16,3900,0.01507161140541929,0.9689638614654541,28.82975390625
B,HUST,4,1,53,23,16,3800,0.017980729068556738,0.9512953162193298,28.88921484375
B,HUST,4,2,54,23,15,2300,0.014350284447966847,0.9635442495346069,28.840767578125
B,HUST,4,3,54,23,15,4000,0.018486954868048525,0.9780704379081726,28.87907421875
B,HUST,4,4,54,23,15,3200,0.021501107721108522,0.9637612104415894,28.876044921875
B,HUST,0,4,53,23,16,1500,0.02529677841768201,0.9611283540725708,28.979603515625
B,MIT,0,0,88,38,25,4000,0.004104000126112407,0.9622352719306946,28.982189453125
B,MIT,1,0,88,38,25,4000,0.0027672559432389532,0.9645282030105591,29.072193359375
B,MIT,1,1,88,38,25,4000,0.0025804305007200816,0.9630210399627686,29.0458203125
B,MIT,1,2,88,38,25,4000,0.002824259966092302,0.9638001918792725,29.032330078125
B,MIT,1,3,88,38,25,4000,0.0027020297782813425,0.9631290435791016,28.86244921875
B,MIT,1,4,88,38,25,4000,0.002234102588627998,0.966832160949707,29.04612109375
B,MIT,0,1,88,38,25,4000,0.002259593382851883,0.9659132957458496,29.0373125
B,MIT,2,0,88,38,25,3100,0.003240060772099995,0.9632248878479004,29.019927734375
B,MIT,2,1,88,38,25,4000,0.0020092562053843875,0.9596460461616516,28.93268359375
B,MIT,2,2,88,38,25,4000,0.003897074563770724,0.966413140296936,29.028626953125
B,MIT,2,3,88,38,25,4000,0.002919351352538883,0.9650408029556274,28.98943359375
B,MIT,2,4,88,38,25,4000,0.002620988864221078,0.9666736125946045,29.087947265625
B,MIT,0,2,88,38,25,4000,0.0022047350903535434,0.9664821028709412,29.066298828125
B,MIT,3,0,88,38,25,2800,0.0028934467505215503,0.9612420797348022,28.964404296875
B,MIT,3,1,88,38,25,4000,0.00351005914544736,0.9653033018112183,28.962513671875
B,MIT,3,2,88,38,25,4000,0.0024575798480527497,0.9623240232467651,28.94190234375
B,MIT,3,3,88,38,25,4000,0.0027537131271092798,0.9619443416595459,28.988619140625
B,MIT,3,4,88,38,25,3800,0.003983034379817082,0.9603529572486877,28.934
B,MIT,0,3,88,38,25,4000,0.0027548763440517075,0.9615737199783325,29.00547265625
B,MIT,4,0,88,38,25,4000,0.0036393085420345682,0.9588416814804077,28.89005859375
B,MIT,4,1,88,38,25,4000,0.0018574210804063315,0.9614017009735107,28.994490234375
B,MIT,4,2,88,38,25,4000,0.0052167589976826615,0.9563135504722595,28.94998046875
B,MIT,4,3,88,38,25,4000,0.0027880595499100093,0.9660101532936096,29.0554921875
B,MIT,4,4,88,38,25,4000,0.002139477248046432,0.9626682996749878,28.95876953125
B,MIT,0,4,88,38,25,4000,0.002384481235962283,0.9625626802444458,28.992791015625
B,TJU,0,0,91,39,26,2600,0.011350799366114831,0.9637995958328247,29.1142734375
B,TJU,1,0,91,39,26,4000,0.006229673635354477,0.9573908448219299,28.677123046875
B,TJU,1,1,91,39,26,4000,0.010806640040910845,0.9611321687698364,28.639908203125
B,TJU,1,2,91,39,26,4000,0.009063435773130882,0.9609827995300293,28.721689453125
B,TJU,1,3,91,39,26,4000,0.008883585007723375,0.9542945027351379,28.59294921875
B,TJU,1,4,91,39,26,2800,0.009586571166268959,0.9636217355728149,28.957583984375
B,TJU,0,1,91,39,26,4000,0.007400387575970894,0.9552892446517944,28.631029296875
B,TJU,2,0,91,39,26,4000,0.007903064835321287,0.9592769145965576,28.955794921875
B,TJU,2,1,91,39,26,3100,0.007358197047762278,0.9573369026184082,28.93371875
B,TJU,2,2,91,39,26,4000,0.009865469495632771,0.9603968858718872,28.8135703125
B,TJU,2,3,91,39,26,2800,0.009985802848706536,0.9603450894355774,28.882642578125
B,TJU,2,4,91,39,26,2600,0.0092537101961052,0.9654186964035034,29.089244140625
B,TJU,0,2,91,39,26,3700,0.009139759467296307,0.9572902917861938,28.655693359375
B,TJU,3,0,91,39,26,3400,0.010111715116195076,0.9515682458877563,28.659072265625
B,TJU,3,1,91,39,26,4000,0.009346852399515264,0.9571631550788879,28.94023828125
B,TJU,3,2,91,39,26,3600,0.007601379239750634,0.9493828415870667,28.66730859375
B,TJU,3,3,91,39,26,1800,0.00945870012710618,0.9611997604370117,29.11137890625
B,TJU,3,4,91,39,26,3200,0.008936087192933252,0.9550750255584717,28.820560546875
B,TJU,0,3,91,39,26,4000,0.007248417056350599,0.9582014679908752,28.503263671875
B,TJU,4,0,91,39,26,3300,0.008936294773358637,0.9527791738510132,28.789822265625
B,TJU,4,1,91,39,26,4000,0.007979366998792193,0.9588934183120728,28.7060625
B,TJU,4,2,91,39,26,4000,0.008861603223759194,0.9518735408782959,28.6796171875
B,TJU,4,3,91,39,26,2300,0.009137898243064631,0.9631946086883545,29.11481640625
B,TJU,4,4,91,39,26,4000,0.0074824486005373395,0.9536564350128174,28.385892578125
B,TJU,0,4,91,39,26,4000,0.00863099326281787,0.9584188461303711,28.765208984375
B,XJTU,0,0,38,16,11,2400,0.01222217707450108,0.9657689929008484,30.0
B,XJTU,1,0,38,16,11,2700,0.011973894143953293,0.9673631191253662,30.0
B,XJTU,1,1,38,16,11,1500,0.013249534443272409,0.9651391506195068,30.0
B,XJTU,1,2,38,16,11,3100,0.013417023123077751,0.9666296243667603,30.0
B,XJTU,1,3,38,16,11,2600,0.010477300082996731,0.9637371897697449,30.0
B,XJTU,1,4,38,16,11,3300,0.018326297100956446,0.9649853706359863,30.0
B,XJTU,0,1,38,16,11,3500,0.012804465424488955,0.9659631252288818,30.0
B,XJTU,2,0,38,16,11,2000,0.014320326994727893,0.9674667119979858,30.0
B,XJTU,2,1,38,16,11,2700,0.013255059573779392,0.962196946144104,30.0
B,XJTU,2,2,38,16,11,4000,0.013437363701247273,0.9647668600082397,30.0
B,XJTU,2,3,38,16,11,3800,0.011414192751011689,0.963072657585144,30.0
B,XJTU,2,4,38,16,11,2000,0.013912162196684076,0.9684697389602661,30.0
B,XJTU,0,2,38,16,11,1600,0.014009940491734802,0.9650477170944214,30.0
B,XJTU,3,0,38,16,11,4000,0.008052831309768858,0.9609849452972412,30.0
B,XJTU,3,1,38,16,11,1700,0.015677706816665596,0.9688707590103149,30.0
B,XJTU,3,2,38,16,11,4000,0.011443294942144642,0.9673423767089844,30.0
B,XJTU,3,3,38,16,11,2700,0.011163911215003005,0.967045247554779,30.0
B,XJTU,3,4,38,16,11,3300,0.008748494296766527,0.9637436866760254,30.0
B,XJTU,0,3,38,16,11,2800,0.00963155992797544,0.9653760194778442,30.0
B,XJTU,4,0,38,16,11,1500,0.018223719769309255,0.9591227769851685,30.0
B,XJTU,4,1,38,16,11,3800,0.012356326775992011,0.9645775556564331,30.0
B,XJTU,4,2,38,16,11,3000,0.012344983586302765,0.9615919589996338,30.0
B,XJTU,4,3,38,16,11,1700,0.013979449501780213,0.9654757976531982,30.0
B,XJTU,4,4,38,16,11,1700,0.01453940742732933,0.9636778831481934,30.0
B,XJTU,0,4,38,16,11,3100,0.011601100800270065,0.9629287719726562,30.0
C,HUST,0,0,53,23,16,2700,0.01956137270862187,0.9640451073646545,28.898396484375
C,HUST,1,0,54,23,15,3200,0.015173188170915012,0.9787565469741821,28.931646484375
C,HUST,1,1,53,23,16,3600,0.016164481603399186,0.9796862602233887,28.85579296875
C,HUST,1,2,53,23,16,3100,0.021133436090503444,0.9686400294303894,28.958634765625
C,HUST,1,3,54,23,15,4000,0.015564917696241552,0.9662914276123047,28.893306640625
C,HUST,1,4,54,23,15,4000,0.015134875287492444,0.9399837255477905,28.875509765625
C,HUST,0,1,54,23,15,2100,0.021014619969760083,0.9665454030036926,28.95600390625
C,HUST,2,0,54,23,15,2700,0.01577392743189603,0.9929191470146179,28.93619921875
C,HUST,2,1,53,23,16,3400,0.014254066038493997,0.9657630920410156,28.84466796875
C,HUST,2,2,53,23,16,3800,0.017019627926082945,0.9955143928527832,28.91715234375
C,HUST,2,3,54,23,15,1600,0.01788688016862526,0.9639912843704224,29.01201171875
C,HUST,2,4,54,23,15,3800,0.015651677782034145,0.950745165348053,28.947490234375
C,HUST,0,2,54,23,15,1900,0.015986209722887876,0.9635061025619507,28.985455078125
C,HUST,3,0,54,23,15,2800,0.014442662501504404,0.9742966890335083,28.89802734375
C,HUST,3,1,53,23,16,1700,0.020177388517116184,0.9658482074737549,29.004642578125
C,HUST,3,2,53,23,16,2500,0.016992157622648676,0.9866507649421692,28.93406640625
C,HUST,3,3,54,23,15,4000,0.016984859744052724,0.9854342937469482,28.90680859375
C,HUST,3,4,54,23,15,3300,0.01655034803317162,0.9732128381729126,28.940486328125
C,HUST,0,3,54,23,15,4000,0.013520726502198991,0.9790117144584656,28.87777734375
C,HUST,4,0,53,23,16,3400,0.014782582567227115,0.9682154655456543,28.84055078125
C,HUST,4,1,53,23,16,4000,0.017777027579647827,0.9477462768554688,28.955931640625
C,HUST,4,2,54,23,15,2600,0.014953081656072273,0.9648516178131104,28.81882421875
C,HUST,4,3,54,23,15,4000,0.01937080017627974,1.0151656866073608,28.872888671875
C,HUST,4,4,54,23,15,3500,0.019074908593218903,0.9627702236175537,28.8644765625
C,HUST,0,4,53,23,16,3000,0.021647250842527933,0.9745700359344482,28.8853671875
C,MIT,0,0,88,38,25,4000,0.003072105964214976,0.9631718993186951,28.98857421875
C,MIT,1,0,88,38,25,4000,0.002890563929319893,0.9650048017501831,29.036322265625
C,MIT,1,1,88,38,25,4000,0.002461060823192644,0.9643675088882446,29.032353515625
C,MIT,1,2,88,38,25,4000,0.0025482215755971782,0.9647760987281799,28.94407421875
C,MIT,1,3,88,38,25,4000,0.0028199359612019227,0.9628922343254089,28.87870703125
C,MIT,1,4,88,38,25,4000,0.002173805359542753,0.9669723510742188,28.97806640625
C,MIT,0,1,88,38,25,4000,0.002275309635992643,0.9662410020828247,29.061927734375
C,MIT,2,0,88,38,25,4000,0.002763228870071141,0.9649236798286438,29.006765625
C,MIT,2,1,88,38,25,4000,0.001957022440561011,0.9594157934188843,28.9134921875
C,MIT,2,2,88,38,25,4000,0.002830496628123255,0.9658198356628418,28.96866796875
C,MIT,2,3,88,38,25,4000,0.002908152240044377,0.9655169248580933,29.000251953125
C,MIT,2,4,88,38,25,3600,0.0028897277686187636,0.9676774740219116,29.067916015625
C,MIT,0,2,88,38,25,4000,0.0024383349843556984,0.9642168283462524,29.0320390625
C,MIT,3,0,88,38,25,4000,0.0022933241475931103,0.9591132998466492,28.9247578125
C,MIT,3,1,88,38,25,4000,0.003363260959153989,0.96249920129776,28.964142578125
C,MIT,3,2,88,38,25,4000,0.002374067091449194,0.9652266502380371,28.979740234375
C,MIT,3,3,88,38,25,4000,0.002718776172644795,0.9660360813140869,28.98910546875
C,MIT,3,4,88,38,25,3900,0.003035395311331355,0.9564741849899292,28.9696484375
C,MIT,0,3,88,38,25,4000,0.0027043707550933782,0.9600602388381958,28.989966796875
C,MIT,4,0,88,38,25,4000,0.002907659332950975,0.959221601486206,28.832552734375
C,MIT,4,1,88,38,25,4000,0.002035986382069396,0.9611658453941345,28.976349609375
C,MIT,4,2,88,38,25,4000,0.004982323926126141,0.9550806283950806,28.946716796875
C,MIT,4,3,88,38,25,4000,0.002679864328794724,0.9640191793441772,29.05526171875
C,MIT,4,4,88,38,25,4000,0.0021867947656303427,0.9633028507232666,28.948619140625
C,MIT,0,4,88,38,25,4000,0.0023062060783781845,0.9624592065811157,29.01103515625
C,TJU,0,0,91,39,26,4000,0.009966957838364479,0.9607034921646118,28.81879296875
C,TJU,1,0,91,39,26,4000,0.006732995176531783,0.9611729383468628,28.965998046875
C,TJU,1,1,91,39,26,4000,0.011083715071738911,0.9609452486038208,28.596302734375
C,TJU,1,2,91,39,26,3300,0.009551055461597843,0.9618692398071289,28.935974609375
C,TJU,1,3,91,39,26,3700,0.009376646381769013,0.953804612159729,28.699951171875
C,TJU,1,4,91,39,26,3400,0.009514338821989139,0.9636683464050293,28.92842578125
C,TJU,0,1,91,39,26,1600,0.011852909785199126,0.9580713510513306,29.0975546875
C,TJU,2,0,91,39,26,3400,0.008767004554931429,0.9600319862365723,29.0777734375
C,TJU,2,1,91,39,26,2700,0.00815875680558189,0.958592414855957,28.9961640625
C,TJU,2,2,91,39,26,1900,0.01186908782207094,0.9645312428474426,29.17936328125
C,TJU,2,3,91,39,26,3700,0.008537046419036003,0.9590541124343872,28.725271484375
C,TJU,2,4,91,39,26,3400,0.008264783819330641,0.963392972946167,29.036505859375
C,TJU,0,2,91,39,26,2600,0.010535443036175603,0.9592471122741699,29.01760546875
C,TJU,3,0,91,39,26,4000,0.009715325673124763,0.9496229887008667,28.5582890625
C,TJU,3,1,91,39,26,4000,0.009459432021523976,0.9579849243164062,28.986380859375
C,TJU,3,2,91,39,26,4000,0.00719200049732463,0.9481798410415649,28.521501953125
C,TJU,3,3,91,39,26,2900,0.009139595399454024,0.9582599401473999,28.944685546875
C,TJU,3,4,91,39,26,4000,0.007970930618951448,0.9536441564559937,28.761740234375
C,TJU,0,3,91,39,26,3400,0.007909510065249212,0.9592936038970947,28.80595703125
C,TJU,4,0,91,39,26,3400,0.008415782132442949,0.9544458389282227,28.80152734375
C,TJU,4,1,91,39,26,4000,0.008056196223741794,0.9586465358734131,28.7461015625
C,TJU,4,2,91,39,26,4000,0.008938643139341604,0.9544079899787903,28.769478515625
C,TJU,4,3,91,39,26,3800,0.00761745025667774,0.9592551589012146,28.891244140625
C,TJU,4,4,91,39,26,3400,0.008141826747320011,0.956451952457428,28.79271484375
C,TJU,0,4,91,39,26,4000,0.008518085975080865,0.959896445274353,28.877103515625
C,XJTU,0,0,38,16,11,2200,0.013891707635179865,0.9636799693107605,30.0
C,XJTU,1,0,38,16,11,4000,0.010348413423757778,0.9707870483398438,30.0
C,XJTU,1,1,38,16,11,2900,0.012461746466430097,0.9659968614578247,30.0
C,XJTU,1,2,38,16,11,2800,0.012237431705381573,0.9677198529243469,30.0
C,XJTU,1,3,38,16,11,3900,0.011439452054486033,0.9658089876174927,30.0
C,XJTU,1,4,38,16,11,3800,0.015725922159553648,0.9633909463882446,30.0
C,XJTU,0,1,38,16,11,4000,0.013524581698130854,0.9666771292686462,30.0
C,XJTU,2,0,38,16,11,1900,0.01253866456369824,0.9622287154197693,30.0
C,XJTU,2,1,38,16,11,2200,0.012869677969096986,0.9615170359611511,30.0
C,XJTU,2,2,38,16,11,3500,0.013453230821470699,0.9655320048332214,30.0
C,XJTU,2,3,38,16,11,2600,0.009635241748485793,0.963447093963623,30.0
C,XJTU,2,4,38,16,11,3100,0.011142225030914369,0.9665862321853638,30.0
C,XJTU,0,2,38,16,11,1700,0.013132856188388057,0.9646238088607788,30.0
C,XJTU,3,0,38,16,11,3500,0.009014429659351848,0.9608561992645264,30.0
C,XJTU,3,1,38,16,11,2000,0.015258900178178408,0.9667551517486572,30.0
C,XJTU,3,2,38,16,11,3100,0.012198890943866256,0.9644092321395874,30.0
C,XJTU,3,3,38,16,11,4000,0.01072081151098938,0.9698989391326904,30.0
C,XJTU,3,4,38,16,11,3000,0.009434046751484335,0.9623470306396484,30.0
C,XJTU,0,3,38,16,11,3800,0.008108393322954823,0.9610525369644165,30.0
C,XJTU,4,0,38,16,11,2800,0.01691805634247868,0.9549102187156677,30.0
C,XJTU,4,1,38,16,11,2400,0.012446708419895548,0.9666319489479065,30.0
C,XJTU,4,2,38,16,11,2300,0.013225094207397826,0.9611794352531433,30.0
C,XJTU,4,3,38,16,11,2400,0.011946416939379739,0.9631786346435547,30.0
C,XJTU,4,4,38,16,11,1800,0.011788621506531625,0.961361289024353,30.0
C,XJTU,0,4,38,16,11,4000,0.010873811390100605,0.9633538126945496,30.0
D,HUST,0,0,53,23,16,4000,0.01906071371795852,1.0,30.0
D,HUST,1,0,54,23,15,4000,0.013839023946387962,1.0,30.0
D,HUST,1,1,53,23,16,3600,0.016660831216368226,1.0,30.0
D,HUST,1,2,53,23,16,3100,0.021153489563070428,1.0,30.0
D,HUST,1,3,54,23,15,4000,0.015720699161340664,1.0,30.0
D,HUST,1,4,54,23,15,4000,0.015162807906500538,1.0,30.0
D,HUST,0,1,54,23,15,2100,0.021462506151056993,1.0,30.0
D,HUST,2,0,54,23,15,2700,0.015674354134741855,1.0,30.0
D,HUST,2,1,53,23,16,3400,0.014251580389741761,1.0,30.0
D,HUST,2,2,53,23,16,2600,0.01813083725637503,1.0,30.0
D,HUST,2,3,54,23,15,1600,0.01798823372698969,1.0,30.0
D,HUST,2,4,54,23,15,3800,0.015811362655219784,1.0,30.0
D,HUST,0,2,54,23,15,1900,0.01618203587056052,1.0,30.0
D,HUST,3,0,54,23,15,2900,0.01467901550780642,1.0,30.0
D,HUST,3,1,53,23,16,1700,0.01979656759789237,1.0,30.0
D,HUST,3,2,53,23,16,2700,0.015910565447811838,1.0,30.0
D,HUST,3,3,54,23,15,4000,0.017882538069515324,1.0,30.0
D,HUST,3,4,54,23,15,3300,0.016398862614694334,1.0,30.0
D,HUST,0,3,54,23,15,3900,0.013906724532074524,1.0,30.0
D,HUST,4,0,53,23,16,2400,0.015650473188634603,1.0,30.0
D,HUST,4,1,53,23,16,4000,0.018042266659464748,1.0,30.0
D,HUST,4,2,54,23,15,2600,0.015137014220674743,1.0,30.0
D,HUST,4,3,54,23,15,4000,0.01908489865190228,1.0,30.0
D,HUST,4,4,54,23,15,2700,0.02051417311934694,1.0,30.0
D,HUST,0,4,53,23,16,3000,0.02175949903529255,1.0,30.0
D,MIT,0,0,88,38,25,4000,0.003938374564358958,1.0,30.0
D,MIT,1,0,88,38,25,4000,0.004182826746882067,1.0,30.0
D,MIT,1,1,88,38,25,4000,0.002670475110824139,1.0,30.0
D,MIT,1,2,88,38,25,4000,0.0032399992426315966,1.0,30.0
D,MIT,1,3,88,38,25,4000,0.0029751817322785615,1.0,30.0
D,MIT,1,4,88,38,25,4000,0.002166601718357518,1.0,30.0
D,MIT,0,1,88,38,25,4000,0.002438708828517031,1.0,30.0
D,MIT,2,0,88,38,25,4000,0.003010839138425646,1.0,30.0
D,MIT,2,1,88,38,25,4000,0.0021723384112892746,1.0,30.0
D,MIT,2,2,88,38,25,4000,0.0038631429254752108,1.0,30.0
D,MIT,2,3,88,38,25,4000,0.0031560698442942123,1.0,30.0
D,MIT,2,4,88,38,25,4000,0.004089466234461784,1.0,30.0
D,MIT,0,2,88,38,25,4000,0.0027598576890803125,1.0,30.0
D,MIT,3,0,88,38,25,4000,0.0026041712095367458,1.0,30.0
D,MIT,3,1,88,38,25,4000,0.003963382792781329,1.0,30.0
D,MIT,3,2,88,38,25,4000,0.0023949977105801015,1.0,30.0
D,MIT,3,3,88,38,25,4000,0.002672689452021206,1.0,30.0
D,MIT,3,4,88,38,25,2900,0.004705567758308906,1.0,30.0
D,MIT,0,3,88,38,25,3500,0.0034639211830928022,1.0,30.0
D,MIT,4,0,88,38,25,4000,0.004364127410563953,1.0,30.0
D,MIT,4,1,88,38,25,4000,0.002029676935263927,1.0,30.0
D,MIT,4,2,88,38,25,4000,0.004907936021706092,1.0,30.0
D,MIT,4,3,88,38,25,4000,0.003148346180044924,1.0,30.0
D,MIT,4,4,88,38,25,4000,0.0021529088893022337,1.0,30.0
D,MIT,0,4,88,38,25,4000,0.002648411448574527,1.0,30.0
D,TJU,0,0,91,39,26,4000,0.010073210225257133,1.0,30.0
D,TJU,1,0,91,39,26,2600,0.007845677672168512,1.0,30.0
D,TJU,1,1,91,39,26,3200,0.011596332770927193,1.0,30.0
D,TJU,1,2,91,39,26,3300,0.009554530822367286,1.0,30.0
D,TJU,1,3,91,39,26,3700,0.009255706356439745,1.0,30.0
D,TJU,1,4,91,39,26,2100,0.010840946788398661,1.0,30.0
D,TJU,0,1,91,39,26,1600,0.012231641505848746,1.0,30.0
D,TJU,2,0,91,39,26,3000,0.00750021684680711,1.0,30.0
D,TJU,2,1,91,39,26,2700,0.008141818236210093,1.0,30.0
D,TJU,2,2,91,39,26,4000,0.0096751519245836,1.0,30.0
D,TJU,2,3,91,39,26,4000,0.008990190527986027,1.0,30.0
D,TJU,2,4,91,39,26,3100,0.008990698774023743,1.0,30.0
D,TJU,0,2,91,39,26,2300,0.010596155631131532,1.0,30.0
D,TJU,3,0,91,39,26,3100,0.010971376724168626,1.0,30.0
D,TJU,3,1,91,39,26,4000,0.009533380749495403,1.0,30.0
D,TJU,3,2,91,39,26,3400,0.007423737189171179,1.0,30.0
D,TJU,3,3,91,39,26,4000,0.00789023895327315,1.0,30.0
D,TJU,3,4,91,39,26,2100,0.009988226251159187,1.0,30.0
D,TJU,0,3,91,39,26,4000,0.007206652548260529,1.0,30.0
D,TJU,4,0,91,39,26,3400,0.008447511145482934,1.0,30.0
D,TJU,4,1,91,39,26,4000,0.007914171203908561,1.0,30.0
D,TJU,4,2,91,39,26,4000,0.00890350407621135,1.0,30.0
D,TJU,4,3,91,39,26,2300,0.008536725779132824,1.0,30.0
D,TJU,4,4,91,39,26,3400,0.00826680900145671,1.0,30.0
D,TJU,0,4,91,39,26,4000,0.00840590467736057,1.0,30.0
D,XJTU,0,0,38,16,11,2200,0.013939836858674877,1.0,30.0
D,XJTU,1,0,38,16,11,3600,0.011503073527644313,1.0,30.0
D,XJTU,1,1,38,16,11,2900,0.01269216517061067,1.0,30.0
D,XJTU,1,2,38,16,11,3300,0.012870146704303097,1.0,30.0
D,XJTU,1,3,38,16,11,3900,0.011132346600722291,1.0,30.0
D,XJTU,1,4,38,16,11,3400,0.01805251010691931,1.0,30.0
D,XJTU,0,1,38,16,11,3800,0.012359417340787724,1.0,30.0
D,XJTU,2,0,38,16,11,1900,0.01151295218956306,1.0,30.0
D,XJTU,2,1,38,16,11,2500,0.0115796492368288,1.0,30.0
D,XJTU,2,2,38,16,11,3600,0.013117534789680875,1.0,30.0
D,XJTU,2,3,38,16,11,2600,0.01044821213761659,1.0,30.0
D,XJTU,2,4,38,16,11,2900,0.012078228293652515,1.0,30.0
D,XJTU,0,2,38,16,11,4000,0.012725212831315964,1.0,30.0
D,XJTU,3,0,38,16,11,3600,0.008571139928876785,1.0,30.0
D,XJTU,3,1,38,16,11,1700,0.01549237434279658,1.0,30.0
D,XJTU,3,2,38,16,11,4000,0.011688714485180956,1.0,30.0
D,XJTU,3,3,38,16,11,4000,0.01021797515989455,1.0,30.0
D,XJTU,3,4,38,16,11,4000,0.009001989973038554,1.0,30.0
D,XJTU,0,3,38,16,11,3500,0.00820716387577894,1.0,30.0
D,XJTU,4,0,38,16,11,2800,0.016223924573534818,1.0,30.0
D,XJTU,4,1,38,16,11,2400,0.013132195171760761,1.0,30.0
D,XJTU,4,2,38,16,11,1700,0.02043410905233987,1.0,30.0
D,XJTU,4,3,38,16,11,4000,0.011435538554777865,1.0,30.0
D,XJTU,4,4,38,16,11,1800,0.012367812891824414,1.0,30.0
D,XJTU,0,4,38,16,11,3000,0.011061983388578306,1.0,30.0
E,HUST,0,0,53,23,16,4000,0.01893857966658141,0.8175579309463501,28.93426953125
E,HUST,1,0,54,23,15,4000,0.013855840411752446,0.8533076643943787,28.51087109375
E,HUST,1,1,53,23,16,3500,0.01585553657180463,0.8910749554634094,28.512736328125
E,HUST,1,2,53,23,16,1900,0.022295814191467797,0.9453368782997131,28.58123828125
E,HUST,1,3,54,23,15,4000,0.01577033582833045,0.9003798365592957,28.651345703125
E,HUST,1,4,54,23,15,1800,0.01737123165828688,0.9463530778884888,28.654345703125
E,HUST,0,1,54,23,15,2100,0.020945155794209188,0.9428484439849854,28.655998046875
E,HUST,2,0,54,23,15,2800,0.016278625285849696,0.9348387718200684,28.690626953125
E,HUST,2,1,53,23,16,3400,0.01438819644050969,0.9067966938018799,28.71949609375
E,HUST,2,2,53,23,16,3800,0.01732714565977896,0.9327571392059326,28.72252734375
E,HUST,2,3,54,23,15,1600,0.0179838076120764,0.9548431634902954,28.821927734375
E,HUST,2,4,54,23,15,3800,0.015256019508033498,0.8134626746177673,28.457224609375
E,HUST,0,2,54,23,15,1900,0.01604033863243226,0.9548454284667969,28.58366796875
E,HUST,3,0,54,23,15,1900,0.015379698133796941,0.9426879286766052,28.769701171875
E,HUST,3,1,53,23,16,1700,0.019877974028030144,0.9634714126586914,28.786716796875
E,HUST,3,2,53,23,16,2700,0.01564412877775172,0.9461982250213623,28.568771484375
E,HUST,3,3,54,23,15,4000,0.017480917594494112,0.9040611386299133,28.90109765625
E,HUST,3,4,54,23,15,4000,0.016605447901140397,0.840993344783783,28.6529140625
E,HUST,0,3,54,23,15,4000,0.013646363960951256,0.8587231636047363,28.520375
E,HUST,4,0,53,23,16,3400,0.014666390095258344,0.9015109539031982,28.680720703125
E,HUST,4,1,53,23,16,4000,0.017907020947377374,0.7909499406814575,28.631875
E,HUST,4,2,54,23,15,3100,0.014615316507516827,0.8515176773071289,28.540255859375
E,HUST,4,3,54,23,15,4000,0.019267641701871042,0.895473837852478,28.7452578125
E,HUST,4,4,54,23,15,2700,0.021057780365683777,0.9313822984695435,28.57473828125
E,HUST,0,4,53,23,16,2400,0.022014138356756814,0.9154875874519348,28.6422890625
E,MIT,0,0,88,38,25,4000,0.004323440705010383,0.8802635669708252,27.998521484375
E,MIT,1,0,88,38,25,4000,0.004356370369843753,0.8752132654190063,28.135033203125
E,MIT,1,1,88,38,25,4000,0.0027746077429105314,0.8556872606277466,28.08979296875
E,MIT,1,2,88,38,25,4000,0.0032060254195922784,0.87363600730896,28.288345703125
E,MIT,1,3,88,38,25,3900,0.003222953460707518,0.8870911598205566,28.187193359375
E,MIT,1,4,88,38,25,3800,0.002769262086609589,0.8737081289291382,27.852169921875
E,MIT,0,1,88,38,25,4000,0.0027426059162850994,0.8892405033111572,27.944583984375
E,MIT,2,0,88,38,25,3800,0.003358551971665437,0.8934489488601685,28.03478515625
E,MIT,2,1,88,38,25,4000,0.0022668078372825584,0.8720618486404419,28.177640625
E,MIT,2,2,88,38,25,4000,0.004023497064344851,0.8726402521133423,28.31724609375
E,MIT,2,3,88,38,25,4000,0.002885475512528167,0.8890373110771179,28.332203125
E,MIT,2,4,88,38,25,4000,0.00440668147899957,0.8563147783279419,27.78909765625
E,MIT,0,2,88,38,25,4000,0.003095082378846311,0.8533841967582703,28.20589453125
E,MIT,3,0,88,38,25,4000,0.002758897457843094,0.8746050000190735,27.987197265625
E,MIT,3,1,88,38,25,4000,0.004317422744600551,0.8910243511199951,28.072330078125
E,MIT,3,2,88,38,25,4000,0.002904812637065123,0.8838033676147461,28.137291015625
E,MIT,3,3,88,38,25,4000,0.00296524792436804,0.8734860420227051,27.902716796875
E,MIT,3,4,88,38,25,4000,0.0040399001305361825,0.8698999285697937,28.1932109375
E,MIT,0,3,88,38,25,4000,0.003507048789003682,0.8788156509399414,28.00063671875
E,MIT,4,0,88,38,25,4000,0.004990146150631944,0.8667875528335571,27.97349609375
E,MIT,4,1,88,38,25,4000,0.0020483419830406462,0.8880329132080078,28.15660546875
E,MIT,4,2,88,38,25,3800,0.004731617870740942,0.8873864412307739,27.995595703125
E,MIT,4,3,88,38,25,4000,0.0028450909057475627,0.8703948259353638,28.269240234375
E,MIT,4,4,88,38,25,4000,0.0021850870749570237,0.8696393966674805,28.197103515625
E,MIT,0,4,88,38,25,4000,0.0027992146012604975,0.8735120892524719,27.96530078125
E,TJU,0,0,91,39,26,3200,0.010560546780837453,0.8722203969955444,28.63517578125
E,TJU,1,0,91,39,26,2600,0.007573105921885026,0.8871744871139526,28.979369140625
E,TJU,1,1,91,39,26,4000,0.011427458608982572,0.7991440892219543,29.147439453125
E,TJU,1,2,91,39,26,3300,0.009694126373963339,0.8566638231277466,28.123955078125
E,TJU,1,3,91,39,26,3700,0.009976447861977574,0.8607589602470398,29.010646484375
E,TJU,1,4,91,39,26,2900,0.00977545187240419,0.8623444437980652,28.766322265625
E,TJU,0,1,91,39,26,1500,0.01516096295266995,0.936308741569519,28.89203515625
E,TJU,2,0,91,39,26,4000,0.007706554815367756,0.8819015026092529,29.152197265625
E,TJU,2,1,91,39,26,2100,0.008189418446205335,0.8685227036476135,28.78515234375
E,TJU,2,2,91,39,26,4000,0.010168091658414936,0.877595067024231,29.975685546875
E,TJU,2,3,91,39,26,4000,0.009585479206295424,0.8670634031295776,28.893169921875
E,TJU,2,4,91,39,26,3100,0.00906659158955566,0.8498303890228271,28.710830078125
E,TJU,0,2,91,39,26,2300,0.010811624106974966,0.8972974419593811,28.744638671875
E,TJU,3,0,91,39,26,4000,0.00965099314493887,0.8532405495643616,29.036541015625
E,TJU,3,1,91,39,26,4000,0.009402406467481545,0.8928343653678894,29.697716796875
E,TJU,3,2,91,39,26,3900,0.00834163492852515,0.8970759510993958,28.736158203125
E,TJU,3,3,91,39,26,2900,0.00869189077515743,0.8789940476417542,29.533310546875
E,TJU,3,4,91,39,26,2100,0.011022849536380885,0.9057176113128662,28.922451171875
E,TJU,0,3,91,39,26,4000,0.007386664158390673,0.809866726398468,28.678900390625
E,TJU,4,0,91,39,26,3400,0.008242986347493063,0.8517463207244873,28.95733984375
E,TJU,4,1,91,39,26,3800,0.008504290685494076,0.8411985635757446,28.227748046875
E,TJU,4,2,91,39,26,4000,0.009332572169925855,0.8757075071334839,29.63171875
E,TJU,4,3,91,39,26,4000,0.007694514679841844,0.8366371393203735,29.37559765625
E,TJU,4,4,91,39,26,3200,0.008565253448034755,0.8550645112991333,28.430466796875
E,TJU,0,4,91,39,26,4000,0.008327006613282853,0.8443831205368042,30.966169921875
E,XJTU,0,0,38,16,11,2700,0.012227458209328577,0.8491659164428711,30.0
E,XJTU,1,0,38,16,11,3600,0.011322618522855677,0.8905392289161682,30.0
E,XJTU,1,1,38,16,11,2900,0.012826702816729032,0.9035767316818237,30.0
E,XJTU,1,2,38,16,11,3300,0.01190465453201893,0.902474582195282,30.0
E,XJTU,1,3,38,16,11,4000,0.011612257885196223,0.9070274233818054,30.0
E,XJTU,1,4,38,16,11,3400,0.0156240479611405,0.7868798971176147,30.0
E,XJTU,0,1,38,16,11,4000,0.012939848919614128,0.9053894877433777,30.0
E,XJTU,2,0,38,16,11,1900,0.011193450126570291,0.9135417938232422,30.0
E,XJTU,2,1,38,16,11,2100,0.014744959157714026,0.8935563564300537,30.0
E,XJTU,2,2,38,16,11,3600,0.013137902046593142,0.9259392023086548,30.0
E,XJTU,2,3,38,16,11,2600,0.010019612496187264,0.9043790698051453,30.0
E,XJTU,2,4,38,16,11,4000,0.010891025456558748,0.8567572832107544,30.0
E,XJTU,0,2,38,16,11,2100,0.012347623337208477,0.9233541488647461,30.0
E,XJTU,3,0,38,16,11,3500,0.008419041886617063,0.9092203378677368,30.0
E,XJTU,3,1,38,16,11,1600,0.016875060435954665,0.9271172285079956,30.0
E,XJTU,3,2,38,16,11,4000,0.011482378680302932,0.9270707368850708,30.0
E,XJTU,3,3,38,16,11,4000,0.011011547052009794,0.91009521484375,30.0
E,XJTU,3,4,38,16,11,4000,0.008243085095526596,0.811851978302002,30.0
E,XJTU,0,3,38,16,11,3800,0.007864829159009216,0.933569073677063,30.0
E,XJTU,4,0,38,16,11,2500,0.016948083355799476,0.934604823589325,30.0
E,XJTU,4,1,38,16,11,4000,0.011750769852770595,0.7925800085067749,30.0
E,XJTU,4,2,38,16,11,1700,0.014801705717206836,0.9228208661079407,30.0
E,XJTU,4,3,38,16,11,2200,0.01205602648561118,0.917941153049469,30.0
E,XJTU,4,4,38,16,11,1800,0.011031503835050936,0.9065126776695251,30.0
E,XJTU,0,4,38,16,11,2800,0.010538355747530283,0.9165469408035278,30.0
F,HUST,0,0,53,53,16,4000,0.014045504303789596,,
F,HUST,1,0,54,54,15,3300,0.01635010287022172,,
F,HUST,1,1,53,53,16,3700,0.01614850250646561,,
F,HUST,1,2,53,53,16,4000,0.018206093162408492,,
F,HUST,1,3,54,54,15,4000,0.01486805441280151,,
F,HUST,1,4,54,54,15,2100,0.01804401064442133,,
F,HUST,0,1,54,54,15,4000,0.01702540954517199,,
F,HUST,2,0,54,54,15,1900,0.01669732176034669,,
F,HUST,2,1,53,53,16,3500,0.015877805964908225,,
F,HUST,2,2,53,53,16,4000,0.01978079003866792,,
F,HUST,2,3,54,54,15,4000,0.01495148319444669,,
F,HUST,2,4,54,54,15,2600,0.015167617545404547,,
F,HUST,0,2,54,54,15,2800,0.018368458642606566,,
F,HUST,3,0,54,54,15,2000,0.01422186411731417,,
F,HUST,3,1,53,53,16,2000,0.017730636172621304,,
F,HUST,3,2,53,53,16,1800,0.018029362468492058,,
F,HUST,3,3,54,54,15,3500,0.014168846520165292,,
F,HUST,3,4,54,54,15,4000,0.016532602118060243,,
F,HUST,0,3,54,54,15,4000,0.016860696764281823,,
F,HUST,4,0,53,53,16,2800,0.015265739000002288,,
F,HUST,4,1,53,53,16,4000,0.018542451170368422,,
F,HUST,4,2,54,54,15,3900,0.013105736615292931,,
F,HUST,4,3,54,54,15,4000,0.015162761342542939,,
F,HUST,4,4,54,54,15,2900,0.018473101627287762,,
F,HUST,0,4,53,53,16,2100,0.022351030440291412,,
F,MIT,0,0,88,88,25,4000,0.0036239055145331745,,
F,MIT,1,0,88,88,25,4000,0.003742887301927675,,
F,MIT,1,1,88,88,25,4000,0.0029549234352755378,,
F,MIT,1,2,88,88,25,4000,0.002490151800677312,,
F,MIT,1,3,88,88,25,4000,0.0029722139961659714,,
F,MIT,1,4,88,88,25,4000,0.0025937930629782676,,
F,MIT,0,1,88,88,25,4000,0.0025203092906266817,,
F,MIT,2,0,88,88,25,4000,0.002970514152021193,,
F,MIT,2,1,88,88,25,4000,0.002038077129832391,,
F,MIT,2,2,88,88,25,4000,0.005827500412481651,,
F,MIT,2,3,88,88,25,4000,0.0030912886554697798,,
F,MIT,2,4,88,88,25,4000,0.0026844285244482474,,
F,MIT,0,2,88,88,25,4000,0.002472478977897819,,
F,MIT,3,0,88,88,25,4000,0.00373676725422931,,
F,MIT,3,1,88,88,25,4000,0.004623579420723154,,
F,MIT,3,2,88,88,25,4000,0.0021936005483228515,,
F,MIT,3,3,88,88,25,4000,0.0030174640828746348,,
F,MIT,3,4,88,88,25,4000,0.0028484925059680762,,
F,MIT,0,3,88,88,25,4000,0.0031943242593194285,,
F,MIT,4,0,88,88,25,4000,0.0020716430017364363,,
F,MIT,4,1,88,88,25,4000,0.002202892502486267,,
F,MIT,4,2,88,88,25,4000,0.0066521039775407735,,
F,MIT,4,3,88,88,25,4000,0.0027551192191140527,,
F,MIT,4,4,88,88,25,4000,0.0022249721045434884,,
F,MIT,0,4,88,88,25,4000,0.0024031644800156433,,
F,TJU,0,0,91,91,26,3800,0.008371137817576915,,
F,TJU,1,0,91,91,26,4000,0.0065830812836008236,,
F,TJU,1,1,91,91,26,4000,0.009293276184918143,,
F,TJU,1,2,91,91,26,3800,0.00863602553551877,,
F,TJU,1,3,91,91,26,4000,0.00694886201924944,,
F,TJU,1,4,91,91,26,3000,0.008491354309136445,,
F,TJU,0,1,91,91,26,2400,0.008901270120847947,,
F,TJU,2,0,91,91,26,3300,0.008282608452598912,,
F,TJU,2,1,91,91,26,3800,0.006850799924633229,,
F,TJU,2,2,91,91,26,4000,0.008692270012998073,,
F,TJU,2,3,91,91,26,4000,0.008038392871297815,,
F,TJU,2,4,91,91,26,3800,0.007994045561111565,,
F,TJU,0,2,91,91,26,4000,0.008518368702533648,,
F,TJU,3,0,91,91,26,4000,0.00842638789829241,,
F,TJU,3,1,91,91,26,4000,0.008031621730780035,,
F,TJU,3,2,91,91,26,3700,0.007161606713461856,,
F,TJU,3,3,91,91,26,4000,0.007225255427429923,,
F,TJU,3,4,91,91,26,2800,0.00845721102826539,,
F,TJU,0,3,91,91,26,4000,0.007074589033054158,,
F,TJU,4,0,91,91,26,3800,0.00843000115351849,,
F,TJU,4,1,91,91,26,4000,0.00768327149387184,,
F,TJU,4,2,91,91,26,4000,0.008389862257501353,,
F,TJU,4,3,91,91,26,3600,0.00716939015963905,,
F,TJU,4,4,91,91,26,4000,0.0060031772516281594,,
F,TJU,0,4,91,91,26,4000,0.00759281611333699,,
F,XJTU,0,0,38,38,11,3100,0.011836329158461681,,
F,XJTU,1,0,38,38,11,4000,0.009724974342920249,,
F,XJTU,1,1,38,38,11,2600,0.010557111814524664,,
F,XJTU,1,2,38,38,11,4000,0.012073245165124057,,
F,XJTU,1,3,38,38,11,3500,0.010252249121220181,,
F,XJTU,1,4,38,38,11,4000,0.021842699919486126,,
F,XJTU,0,1,38,38,11,4000,0.010349315620831972,,
F,XJTU,2,0,38,38,11,4000,0.010308144710582189,,
F,XJTU,2,1,38,38,11,4000,0.009067307095130091,,
F,XJTU,2,2,38,38,11,3700,0.012590918896343787,,
F,XJTU,2,3,38,38,11,4000,0.009965741874421879,,
F,XJTU,2,4,38,38,11,2400,0.009708271591538885,,
F,XJTU,0,2,38,38,11,4000,0.01140132897983276,,
F,XJTU,3,0,38,38,11,4000,0.008929033805970566,,
F,XJTU,3,1,38,38,11,3700,0.012516772143448455,,
F,XJTU,3,2,38,38,11,4000,0.011082507304720298,,
F,XJTU,3,3,38,38,11,4000,0.01083808671270153,,
F,XJTU,3,4,38,38,11,4000,0.011174613370575718,,
F,XJTU,0,3,38,38,11,4000,0.008508183806250812,,
F,XJTU,4,0,38,38,11,1600,0.015714199024525366,,
F,XJTU,4,1,38,38,11,3500,0.010543489535375842,,
F,XJTU,4,2,38,38,11,3400,0.01665597102501533,,
F,XJTU,4,3,38,38,11,2700,0.011845014867235402,,
F,XJTU,4,4,38,38,11,4000,0.00925759987509064,,
F,XJTU,0,4,38,38,11,4000,0.013033873271640782,,
G,HUST,0,0,53,53,16,4000,0.014717967430306077,0.9847366809844971,28.893509765625
G,HUST,1,0,54,54,15,3500,0.01566874798185447,1.0015413761138916,28.918333984375
G,HUST,1,1,53,53,16,4000,0.015971678527413404,0.983733057975769,28.875939453125
G,HUST,1,2,53,53,16,2200,0.020408853323934478,0.9681493043899536,28.993318359375
G,HUST,1,3,54,54,15,4000,0.01266207062299328,0.9833434820175171,28.82856640625
G,HUST,1,4,54,54,15,2000,0.017074314408849326,0.9693092107772827,28.984572265625
G,HUST,0,1,54,54,15,2000,0.01788652095918881,0.970772385597229,28.996896484375
G,HUST,2,0,54,54,15,1800,0.015805193256890636,0.9685909748077393,29.024701171875
G,HUST,2,1,53,53,16,2400,0.015220799823339029,0.9769648909568787,28.856115234375
G,HUST,2,2,53,53,16,3500,0.017390459324070063,0.9962525367736816,28.906181640625
G,HUST,2,3,54,54,15,1900,0.016778584113402266,0.9675198197364807,29.015951171875
G,HUST,2,4,54,54,15,3200,0.013380722911803856,0.9668176174163818,28.968431640625
G,HUST,0,2,54,54,15,2200,0.01708839382980147,0.972223162651062,28.974083984375
G,HUST,3,0,54,54,15,2800,0.012350314723952448,0.9789731502532959,28.90864453125
G,HUST,3,1,53,53,16,3400,0.016546451411538966,0.9726595282554626,28.94669921875
G,HUST,3,2,53,53,16,2600,0.015458528444220907,0.973609447479248,28.892962890625
G,HUST,3,3,54,54,15,2900,0.013628123973012652,0.991850733757019,28.971912109375
G,HUST,3,4,54,54,15,4000,0.014977910754521156,0.9821569323539734,28.91673046875
G,HUST,0,3,54,54,15,4000,0.013725414120989944,1.0055944919586182,28.942416015625
G,HUST,4,0,53,53,16,1900,0.01573925768887555,0.9622175693511963,28.90446484375
G,HUST,4,1,53,53,16,4000,0.017309308059150763,0.9617583751678467,28.97425
G,HUST,4,2,54,54,15,4000,0.011899987260660853,0.9977153539657593,28.888287109375
G,HUST,4,3,54,54,15,4000,0.015145629397733075,0.9883654117584229,28.88762890625
G,HUST,4,4,54,54,15,3400,0.017722154969408904,0.9821838140487671,28.872564453125
G,HUST,0,4,53,53,16,2800,0.018491263368263972,0.9722238779067993,28.90807421875
G,MIT,0,0,88,88,25,4000,0.0028559742812742867,0.9627432227134705,29.01344921875
G,MIT,1,0,88,88,25,4000,0.0023999915821140837,0.9643398523330688,29.075875
G,MIT,1,1,88,88,25,4000,0.0024219386698274272,0.9629104137420654,29.059419921875
G,MIT,1,2,88,88,25,4000,0.0022949274147057675,0.9635095596313477,28.993251953125
G,MIT,1,3,88,88,25,4000,0.002554083337076951,0.9640300273895264,28.8827109375
G,MIT,1,4,88,88,25,4000,0.0021896483013050545,0.9651662707328796,29.011359375
G,MIT,0,1,88,88,25,4000,0.0021628153449019453,0.9663388729095459,29.065458984375
G,MIT,2,0,88,88,25,4000,0.0026616134593630317,0.9644752740859985,29.026193359375
G,MIT,2,1,88,88,25,4000,0.001774495315912142,0.9591005444526672,28.904568359375
G,MIT,2,2,88,88,25,4000,0.002913908404197896,0.9655641913414001,29.03451171875
G,MIT,2,3,88,88,25,4000,0.0026153197101766003,0.965430498123169,28.998798828125
G,MIT,2,4,88,88,25,3700,0.002405765802371247,0.9663473963737488,29.09409765625
G,MIT,0,2,88,88,25,4000,0.002190783407736541,0.9648160934448242,29.03969140625
G,MIT,3,0,88,88,25,4000,0.0024761638994935022,0.9596019983291626,28.91533203125
G,MIT,3,1,88,88,25,4000,0.002813978383956834,0.9651702642440796,28.98339453125
G,MIT,3,2,88,88,25,4000,0.0021400736975046215,0.9614061117172241,28.96866015625
G,MIT,3,3,88,88,25,4000,0.0025355058344035796,0.9628757834434509,29.0014609375
G,MIT,3,4,88,88,25,4000,0.0025173495368196537,0.9591336250305176,28.97664453125
G,MIT,0,3,88,88,25,4000,0.002650795261554014,0.9607122540473938,28.9880546875
G,MIT,4,0,88,88,25,4000,0.0024895179722263824,0.9562176465988159,28.91762109375
G,MIT,4,1,88,88,25,4000,0.0021811689740868024,0.9612631797790527,28.9723046875
G,MIT,4,2,88,88,25,2700,0.006032486098425763,0.9551370739936829,28.93141796875
G,MIT,4,3,88,88,25,4000,0.002177105538471513,0.9649047255516052,29.042416015625
G,MIT,4,4,88,88,25,4000,0.0019532349851888045,0.9648628234863281,28.974619140625
G,MIT,0,4,88,88,25,4000,0.0020767046712150757,0.962876558303833,29.03082421875
G,TJU,0,0,91,91,26,2400,0.009964448779914238,0.9605867862701416,29.03880078125
G,TJU,1,0,91,91,26,3100,0.007865925903808368,0.9629629850387573,29.051431640625
G,TJU,1,1,91,91,26,3300,0.009916475976195816,0.9602546095848083,28.643388671875
G,TJU,1,2,91,91,26,3400,0.008345237104067553,0.9601024389266968,28.862244140625
G,TJU,1,3,91,91,26,4000,0.007411034454367202,0.9539228677749634,28.771376953125
G,TJU,1,4,91,91,26,4000,0.008433997220045314,0.9597797393798828,28.616478515625
G,TJU,0,1,91,91,26,1700,0.009327987978221144,0.960584282875061,29.1265234375
G,TJU,2,0,91,91,26,4000,0.006984464192705993,0.9558433294296265,28.902767578125
G,TJU,2,1,91,91,26,3200,0.0066995419031429925,0.9531463384628296,28.76337109375
G,TJU,2,2,91,91,26,1900,0.010918128440501489,0.9632943868637085,29.1503515625
G,TJU,2,3,91,91,26,3700,0.008304618090711613,0.9576780796051025,28.61236328125
G,TJU,2,4,91,91,26,2700,0.008467067826898217,0.9626178741455078,29.052451171875
G,TJU,0,2,91,91,26,3600,0.008321085115211225,0.9576961994171143,28.82280859375
G,TJU,3,0,91,91,26,2900,0.00939463346717476,0.9534716010093689,28.7732109375
G,TJU,3,1,91,91,26,4000,0.007859797390579957,0.9570333957672119,28.899240234375
G,TJU,3,2,91,91,26,3200,0.007694091579214759,0.9496314525604248,28.750119140625
G,TJU,3,3,91,91,26,2800,0.00783520424837796,0.9573426246643066,28.889224609375
G,TJU,3,4,91,91,26,3700,0.007837058294247787,0.9535242319107056,28.78294140625
G,TJU,0,3,91,91,26,4000,0.006933310222466762,0.9580127000808716,28.580947265625
G,TJU,4,0,91,91,26,3400,0.007673441878020139,0.9510455131530762,28.74383203125
G,TJU,4,1,91,91,26,4000,0.008032233206298062,0.9550806283950806,28.704486328125
G,TJU,4,2,91,91,26,3300,0.008824844344802525,0.9544512629508972,28.902580078125
G,TJU,4,3,91,91,26,4000,0.006798894885993651,0.956547737121582,28.6498125
G,TJU,4,4,91,91,26,2400,0.007367086591540731,0.9574626088142395,28.93263671875
G,TJU,0,4,91,91,26,1700,0.009101213249441695,0.9612400531768799,29.13864453125
G,XJTU,0,0,38,38,11,3000,0.011765433017037835,0.9622901678085327,30.0
G,XJTU,1,0,38,38,11,4000,0.009586842783170886,0.9727166891098022,30.0
G,XJTU,1,1,38,38,11,3900,0.009898314988388857,0.9671989679336548,30.0
G,XJTU,1,2,38,38,11,3100,0.012637726661474702,0.9648438692092896,30.0
G,XJTU,1,3,38,38,11,2300,0.01003094674142133,0.9639708995819092,30.0
G,XJTU,1,4,38,38,11,4000,0.01725031777801529,0.9653522968292236,30.0
G,XJTU,0,1,38,38,11,4000,0.010889169171823263,0.9644412994384766,30.0
G,XJTU,2,0,38,38,11,1800,0.014127306972146439,0.9670923948287964,30.0
G,XJTU,2,1,38,38,11,2200,0.009925494828728686,0.9617987275123596,30.0
G,XJTU,2,2,38,38,11,3400,0.011579193405702081,0.9656693935394287,30.0
G,XJTU,2,3,38,38,11,1800,0.011620324919033786,0.9661780595779419,30.0
G,XJTU,2,4,38,38,11,3600,0.009950182571947335,0.963245153427124,30.0
G,XJTU,0,2,38,38,11,2700,0.010655288704410168,0.9665574431419373,30.0
G,XJTU,3,0,38,38,11,4000,0.008361969780361538,0.9631689786911011,30.0
G,XJTU,3,1,38,38,11,2500,0.014165932770016827,0.9691752195358276,30.0
G,XJTU,3,2,38,38,11,4000,0.01163241330871107,0.9622910618782043,30.0
G,XJTU,3,3,38,38,11,3100,0.010364752750827247,0.9683855772018433,30.0
G,XJTU,3,4,38,38,11,4000,0.007943212724359912,0.9627635478973389,30.0
G,XJTU,0,3,38,38,11,4000,0.008233805511628464,0.9635574817657471,30.0
G,XJTU,4,0,38,38,11,1800,0.014315915198488348,0.9586995840072632,30.0
G,XJTU,4,1,38,38,11,3400,0.009783082487662947,0.9653826951980591,30.0
G,XJTU,4,2,38,38,11,4000,0.010569409366611477,0.961310625076294,30.0
G,XJTU,4,3,38,38,11,2900,0.011602188023875972,0.9628966450691223,30.0
G,XJTU,4,4,38,38,11,1800,0.010065853233564733,0.9644391536712646,30.0
G,XJTU,0,4,38,38,11,2700,0.013239161866161506,0.9644994735717773,30.0
M10,HUST,0,0,53,8,16,3200,0.03521257109573432,,
M10,HUST,1,0,54,8,15,2700,0.02107670849306259,,
M10,HUST,1,1,53,8,16,4000,0.025665815076940147,,
M10,HUST,1,2,53,8,16,1500,0.03267206639157525,,
M10,HUST,1,3,54,8,15,2600,0.03258566090086028,,
M10,HUST,1,4,54,8,15,1800,0.02828124664667605,,
M10,HUST,0,1,54,8,15,3000,0.02884423589822177,,
M10,HUST,2,0,54,8,15,1300,0.033861569408306064,,
M10,HUST,2,1,53,8,16,4000,0.1399989976939116,,
M10,HUST,2,2,53,8,16,1400,0.036101076006889346,,
M10,HUST,2,3,54,8,15,2500,0.02278535071459249,,
M10,HUST,2,4,54,8,15,4000,0.028739614531915984,,
M10,HUST,0,2,54,8,15,1400,0.029867666518475045,,
M10,HUST,3,0,54,8,15,1800,0.026026526246263598,,
M10,HUST,3,1,53,8,16,1700,0.02944973875510929,,
M10,HUST,3,2,53,8,16,2100,0.024258205745725254,,
M10,HUST,3,3,54,8,15,3200,0.02354274085521364,,
M10,HUST,3,4,54,8,15,1700,0.03159601254942065,,
M10,HUST,0,3,54,8,15,4000,0.019661625897281765,,
M10,HUST,4,0,53,8,16,4000,0.05129371586928866,,
M10,HUST,4,1,53,8,16,4000,0.04392005943062686,,
M10,HUST,4,2,54,8,15,4000,0.027219998547607236,,
M10,HUST,4,3,54,8,15,1600,0.02520607058851801,,
M10,HUST,4,4,54,8,15,3800,0.030933168582801884,,
M10,HUST,0,4,53,8,16,4000,0.0971787075390135,,
M50,HUST,0,0,53,38,16,3300,0.015226468866832701,,
M50,HUST,1,0,54,38,15,2700,0.01726255497888324,,
M50,HUST,1,1,53,38,16,4000,0.018240894729300905,,
M50,HUST,1,2,53,38,16,3300,0.021578213831840005,,
M50,HUST,1,3,54,38,15,4000,0.015228994043279282,,
M50,HUST,1,4,54,38,15,2000,0.017418100226664013,,
M50,HUST,0,1,54,38,15,4000,0.016342408565251185,,
M50,HUST,2,0,54,38,15,2000,0.016630878786477482,,
M50,HUST,2,1,53,38,16,4000,0.015610414958380659,,
M50,HUST,2,2,53,38,16,2200,0.023735437022065216,,
M50,HUST,2,3,54,38,15,4000,0.017324364500352577,,
M50,HUST,2,4,54,38,15,2800,0.015597819637695498,,
M50,HUST,0,2,54,38,15,2300,0.01692120115628742,,
M50,HUST,3,0,54,38,15,2100,0.01463539610749064,,
M50,HUST,3,1,53,38,16,4000,0.019566354498821093,,
M50,HUST,3,2,53,38,16,3200,0.017366689512207684,,
M50,HUST,3,3,54,38,15,4000,0.014569862884076669,,
M50,HUST,3,4,54,38,15,4000,0.018113880706051338,,
M50,HUST,0,3,54,38,15,4000,0.01980638833343775,,
M50,HUST,4,0,53,38,16,3300,0.014214264094731798,,
M50,HUST,4,1,53,38,16,4000,0.01705091596854641,,
M50,HUST,4,2,54,38,15,2700,0.013319181667759228,,
M50,HUST,4,3,54,38,15,4000,0.01802615623368778,,
M50,HUST,4,4,54,38,15,3400,0.021026248501299753,,
M50,HUST,0,4,53,38,16,2200,0.02079400165155818,,
P10,HUST,0,0,53,8,16,2300,0.027368370477257032,0.9446213245391846,28.90826953125
P10,HUST,1,0,54,8,15,3600,0.01894049475457233,0.9785517454147339,28.86883984375
P10,HUST,1,1,53,8,16,4000,0.025768002988431297,0.9172713756561279,28.758720703125
P10,HUST,1,2,53,8,16,2100,0.02153268024649412,0.95981365442276,29.000064453125
P10,HUST,1,3,54,8,15,2600,0.024845714006287486,0.9670674800872803,28.87285546875
P10,HUST,1,4,54,8,15,4000,0.015984921850045363,0.9707067012786865,28.88538671875
P10,HUST,0,1,54,8,15,1800,0.023061592630587144,0.9619064331054688,29.001197265625
P10,HUST,2,0,54,8,15,2400,0.028482215748675006,0.9953713417053223,28.90690625
P10,HUST,2,1,53,8,16,4000,0.029365223971071646,1.000037670135498,28.870853515625
P10,HUST,2,2,53,8,16,4000,0.03356178430011973,1.1497490406036377,28.819990234375
P10,HUST,2,3,54,8,15,1900,0.019078605132766706,0.9598530530929565,28.985880859375
P10,HUST,2,4,54,8,15,4000,0.022771848784235715,0.9752769470214844,28.776970703125
P10,HUST,0,2,54,8,15,2100,0.01877760499588087,0.9652866721153259,28.95316796875
P10,HUST,3,0,54,8,15,4000,0.017777304100576076,0.9677618741989136,28.87340234375
P10,HUST,3,1,53,8,16,1900,0.022974065091733557,0.9643011093139648,28.92176171875
P10,HUST,3,2,53,8,16,3100,0.024694217920484318,1.0107585191726685,28.830611328125
P10,HUST,3,3,54,8,15,3200,0.019224327818264268,0.9536414742469788,28.909328125
P10,HUST,3,4,54,8,15,1700,0.027814083102751,0.968144953250885,28.99331640625
P10,HUST,0,3,54,8,15,3000,0.017237371255255495,0.9743996858596802,28.86271875
P10,HUST,4,0,53,8,16,1800,0.022339415360621093,0.9595839977264404,28.84788671875
P10,HUST,4,1,53,8,16,2300,0.02432939156644501,0.9670061469078064,28.92872265625
P10,HUST,4,2,54,8,15,3100,0.017823265446257782,0.9522068500518799,28.82495703125
P10,HUST,4,3,54,8,15,1500,0.02356828014035649,0.9692071676254272,29.085556640625
P10,HUST,4,4,54,8,15,3700,0.02899221498077474,0.9573332071304321,28.90104296875
P10,HUST,0,4,53,8,16,3000,0.02488834891743159,0.9560306072235107,28.840734375
P50,HUST,0,0,53,38,16,4000,0.014761984910150195,0.9495729207992554,28.928931640625
P50,HUST,1,0,54,38,15,4000,0.01590417754499332,0.9894541501998901,28.92794921875
P50,HUST,1,1,53,38,16,3900,0.0147518236969981,0.9747316241264343,28.90384765625
P50,HUST,1,2,53,38,16,3600,0.020929789846080335,0.9684523344039917,28.928705078125
P50,HUST,1,3,54,38,15,4000,0.011792050490047806,0.9795376062393188,28.842083984375
P50,HUST,1,4,54,38,15,1900,0.01714994635824927,0.9659589529037476,29.016265625
P50,HUST,0,1,54,38,15,2600,0.017511591107514542,0.9694210290908813,28.933720703125
P50,HUST,2,0,54,38,15,1800,0.015853592956994858,0.97223961353302,29.027595703125
P50,HUST,2,1,53,38,16,2600,0.013608519021882806,0.974033772945404,28.8489609375
P50,HUST,2,2,53,38,16,4000,0.018409550752279895,1.0111792087554932,28.879841796875
P50,HUST,2,3,54,38,15,1800,0.016990338836271743,0.9687411189079285,29.007072265625
P50,HUST,2,4,54,38,15,2500,0.014666585261502683,0.962145984172821,28.98162890625
P50,HUST,0,2,54,38,15,2500,0.017452721132368215,0.974245548248291,28.958880859375
P50,HUST,3,0,54,38,15,2200,0.013918388991753785,0.9702630639076233,28.8982578125
P50,HUST,3,1,53,38,16,4000,0.017504613859332746,0.972987711429596,28.96312890625
P50,HUST,3,2,53,38,16,3300,0.01583432402652403,0.986207127571106,28.915498046875
P50,HUST,3,3,54,38,15,2600,0.013718287598468229,0.984643280506134,28.927916015625
P50,HUST,3,4,54,38,15,4000,0.016121572283651853,0.9487065076828003,28.91495703125
P50,HUST,0,3,54,38,15,4000,0.01600247494748767,1.0081229209899902,28.899443359375
P50,HUST,4,0,53,38,16,3600,0.013120479742795082,0.9855673909187317,28.831669921875
P50,HUST,4,1,53,38,16,4000,0.0164526925992651,0.9547253847122192,28.951482421875
P50,HUST,4,2,54,38,15,3100,0.011792962977445098,0.9768877625465393,28.867423828125
P50,HUST,4,3,54,38,15,4000,0.01646375246481186,0.9908522367477417,28.90058203125
P50,HUST,4,4,54,38,15,3600,0.018436047821131077,0.9526506662368774,28.88658203125
P50,HUST,0,4,53,38,16,2300,0.01732541437886968,0.9651801586151123,28.934154296875
M10,MIT,0,0,88,12,25,4000,0.00845002807041419,,
M10,MIT,1,0,88,12,25,4000,0.013272810997374493,,
M10,MIT,1,1,88,12,25,4000,0.006025661811191849,,
M10,MIT,1,2,88,12,25,4000,0.00585832548468547,,
M10,MIT,1,3,88,12,25,4000,0.007532598471939195,,
M10,MIT,1,4,88,12,25,4000,0.01369959881580305,,
M10,MIT,0,1,88,12,25,4000,0.010946735284294615,,
M10,MIT,2,0,88,12,25,4000,0.00705063869408445,,
M10,MIT,2,1,88,12,25,4000,0.00401139321565735,,
M10,MIT,2,2,88,12,25,4000,0.013307935370768617,,
M10,MIT,2,3,88,12,25,4000,0.006730803061009015,,
M10,MIT,2,4,88,12,25,4000,0.005887837513201839,,
M10,MIT,0,2,88,12,25,2400,0.007226909315589233,,
M10,MIT,3,0,88,12,25,2600,0.008385164401501664,,
M10,MIT,3,1,88,12,25,4000,0.010629028713563601,,
M10,MIT,3,2,88,12,25,4000,0.003705192322545698,,
M10,MIT,3,3,88,12,25,4000,0.019358236968783263,,
M10,MIT,3,4,88,12,25,4000,0.006428810008558403,,
M10,MIT,0,3,88,12,25,4000,0.006968466692244581,,
M10,MIT,4,0,88,12,25,4000,0.004507249905395558,,
M10,MIT,4,1,88,12,25,4000,0.004293725317861647,,
M10,MIT,4,2,88,12,25,4000,0.00873061890139522,,
M10,MIT,4,3,88,12,25,4000,0.009198375005177622,,
M10,MIT,4,4,88,12,25,4000,0.00831254562067816,,
M10,MIT,0,4,88,12,25,4000,0.00572364413565298,,
M50,MIT,0,0,88,62,25,4000,0.0033598803800256216,,
M50,MIT,1,0,88,62,25,4000,0.004369716828818822,,
M50,MIT,1,1,88,62,25,4000,0.00343679576612955,,
M50,MIT,1,2,88,62,25,4000,0.0030266179531497524,,
M50,MIT,1,3,88,62,25,4000,0.0029108335807988216,,
M50,MIT,1,4,88,62,25,4000,0.0027027093144315795,,
M50,MIT,0,1,88,62,25,4000,0.002745913436442224,,
M50,MIT,2,0,88,62,25,4000,0.0031787438329045022,,
M50,MIT,2,1,88,62,25,4000,0.0021296717779584313,,
M50,MIT,2,2,88,62,25,4000,0.007589978771319598,,
M50,MIT,2,3,88,62,25,4000,0.0031776810247007895,,
M50,MIT,2,4,88,62,25,4000,0.0031898085091003536,,
M50,MIT,0,2,88,62,25,4000,0.0024378030682942688,,
M50,MIT,3,0,88,62,25,4000,0.0035278707797424414,,
M50,MIT,3,1,88,62,25,4000,0.005360140527976712,,
M50,MIT,3,2,88,62,25,4000,0.002210807758671043,,
M50,MIT,3,3,88,62,25,4000,0.003281399157003536,,
M50,MIT,3,4,88,62,25,4000,0.003134649841692349,,
M50,MIT,0,3,88,62,25,4000,0.0031391005070501416,,
M50,MIT,4,0,88,62,25,4000,0.002422704250914161,,
M50,MIT,4,1,88,62,25,4000,0.002227579461158705,,
M50,MIT,4,2,88,62,25,4000,0.005588200986050027,,
M50,MIT,4,3,88,62,25,4000,0.0029483965178291873,,
M50,MIT,4,4,88,62,25,4000,0.002537050688426236,,
M50,MIT,0,4,88,62,25,4000,0.0032294718345476053,,
P10,MIT,0,0,88,12,25,3200,0.0038449498001957415,0.9602481126785278,28.9648515625
P10,MIT,1,0,88,12,25,4000,0.0026663453773097976,0.964110255241394,29.076962890625
P10,MIT,1,1,88,12,25,4000,0.002742498103974904,0.961800217628479,29.067373046875
P10,MIT,1,2,88,12,25,3600,0.004674028246427952,0.9646859169006348,28.970537109375
P10,MIT,1,3,88,12,25,3500,0.003096632316696833,0.9630787968635559,28.85650390625
P10,MIT,1,4,88,12,25,4000,0.002766174015800831,0.9594436883926392,29.050279296875
P10,MIT,0,1,88,12,25,4000,0.003433190274612524,0.9637457132339478,29.06846484375
P10,MIT,2,0,88,12,25,3400,0.004404379403845235,0.9625142812728882,28.988361328125
P10,MIT,2,1,88,12,25,4000,0.0024428419801737324,0.9577061533927917,28.885083984375
P10,MIT,2,2,88,12,25,3200,0.004978352281738758,0.9663491249084473,28.976259765625
P10,MIT,2,3,88,12,25,4000,0.0035040772880906915,0.9650799036026001,29.020314453125
P10,MIT,2,4,88,12,25,2700,0.0034235706138769652,0.9648271799087524,29.091568359375
P10,MIT,0,2,88,12,25,4000,0.002916484230462901,0.967002272605896,29.03655859375
P10,MIT,3,0,88,12,25,3300,0.00338749246136435,0.9599006175994873,28.955447265625
P10,MIT,3,1,88,12,25,4000,0.004797526869007047,0.9649927616119385,28.99244140625
P10,MIT,3,2,88,12,25,4000,0.0041057792793980485,0.9632807374000549,28.901759765625
P10,MIT,3,3,88,12,25,4000,0.003890122403794725,0.9649689197540283,28.97632421875
P10,MIT,3,4,88,12,25,3400,0.004434702626193862,0.9571304321289062,28.990607421875
P10,MIT,0,3,88,12,25,4000,0.0033236311134289213,0.9588657021522522,28.99254296875
P10,MIT,4,0,88,12,25,3400,0.0039694066831761935,0.9618943929672241,28.805990234375
P10,MIT,4,1,88,12,25,3900,0.0026914240245300967,0.9604961276054382,28.9863125
P10,MIT,4,2,88,12,25,4000,0.005650944092196514,0.9521838426589966,28.93758203125
P10,MIT,4,3,88,12,25,4000,0.0027487550726484704,0.9639580249786377,29.04942578125
P10,MIT,4,4,88,12,25,4000,0.0024883640635742026,0.9673010110855103,28.916837890625
P10,MIT,0,4,88,12,25,4000,0.0024090448225268365,0.9637291431427002,29.0340859375
P50,MIT,0,0,88,62,25,4000,0.002584706140009998,0.9623826742172241,29.01615234375
P50,MIT,1,0,88,62,25,4000,0.002572241946575877,0.9646437168121338,29.0853828125
P50,MIT,1,1,88,62,25,4000,0.002509318353218549,0.9632987380027771,29.04523046875
P50,MIT,1,2,88,62,25,3500,0.002772788038659893,0.9649097919464111,28.9441015625
P50,MIT,1,3,88,62,25,3300,0.0027630501356050866,0.963066577911377,28.89244140625
P50,MIT,1,4,88,62,25,4000,0.002041370802954254,0.9666299819946289,29.008025390625
P50,MIT,0,1,88,62,25,4000,0.0021190087466103655,0.9657291173934937,29.071734375
P50,MIT,2,0,88,62,25,4000,0.0029178824000386516,0.9640393257141113,28.9951953125
P50,MIT,2,1,88,62,25,4000,0.0018607735450603896,0.9614040851593018,28.86943359375
P50,MIT,2,2,88,62,25,3200,0.00352534374033961,0.9664407968521118,29.0114375
P50,MIT,2,3,88,62,25,4000,0.0025923894874058284,0.9637432098388672,28.970904296875
P50,MIT,2,4,88,62,25,4000,0.0026582770502438257,0.9679561853408813,29.04090625
P50,MIT,0,2,88,62,25,4000,0.00253128552857974,0.9657497406005859,29.0525625
P50,MIT,3,0,88,62,25,4000,0.0024587126830173697,0.9617322087287903,28.907388671875
P50,MIT,3,1,88,62,25,4000,0.0031522779830502495,0.9637914299964905,28.9810078125
P50,MIT,3,2,88,62,25,4000,0.0022271968525389855,0.9653535485267639,28.981703125
P50,MIT,3,3,88,62,25,4000,0.0025453084380720062,0.9654738903045654,28.984583984375
P50,MIT,3,4,88,62,25,4000,0.002548680907295976,0.9576097726821899,28.978275390625
P50,MIT,0,3,88,62,25,4000,0.0028181033066021605,0.9602227210998535,29.0007109375
P50,MIT,4,0,88,62,25,3500,0.0027858410688408114,0.9541686773300171,28.9317265625
P50,MIT,4,1,88,62,25,4000,0.0019054767501239529,0.9624382853507996,28.966615234375
P50,MIT,4,2,88,62,25,3600,0.005110642867977134,0.956946611404419,28.946677734375
P50,MIT,4,3,88,62,25,4000,0.00227630432728055,0.9641022086143494,29.04766796875
P50,MIT,4,4,88,62,25,4000,0.0019977356391282374,0.9653065800666809,28.9543828125
P50,MIT,0,4,88,62,25,4000,0.002119782981790566,0.9624912142753601,29.00946875
M10,TJU,0,0,91,13,26,4000,0.015500358842615027,,
M10,TJU,1,0,91,13,26,4000,0.015709498565255046,,
M10,TJU,1,1,91,13,26,4000,0.015881087056785773,,
M10,TJU,1,2,91,13,26,3900,0.011208419087724384,,
M10,TJU,1,3,91,13,26,3200,0.013963926152337448,,
M10,TJU,1,4,91,13,26,4000,0.012512524215120596,,
M10,TJU,0,1,91,13,26,3600,0.016519638581178976,,
M10,TJU,2,0,91,13,26,4000,0.011475479893287755,,
M10,TJU,2,1,91,13,26,4000,0.011771190237277525,,
M10,TJU,2,2,91,13,26,4000,0.012590676934268047,,
M10,TJU,2,3,91,13,26,3700,0.010837642009967544,,
M10,TJU,2,4,91,13,26,4000,0.015051873935729794,,
M10,TJU,0,2,91,13,26,3200,0.013231394963019198,,
M10,TJU,3,0,91,13,26,2500,0.012222056395631243,,
M10,TJU,3,1,91,13,26,4000,0.011756368565908374,,
M10,TJU,3,2,91,13,26,3800,0.010552003150860939,,
M10,TJU,3,3,91,13,26,4000,0.011498593551498909,,
M10,TJU,3,4,91,13,26,4000,0.012001307354382942,,
M10,TJU,0,3,91,13,26,2400,0.012814229879138545,,
M10,TJU,4,0,91,13,26,3100,0.013843902626331804,,
M10,TJU,4,1,91,13,26,3200,0.014204530551343781,,
M10,TJU,4,2,91,13,26,4000,0.011086800559707309,,
M10,TJU,4,3,91,13,26,4000,0.01169802710427872,,
M10,TJU,4,4,91,13,26,4000,0.01297583552961671,,
M10,TJU,0,4,91,13,26,3000,0.012374103123738886,,
M50,TJU,0,0,91,65,26,4000,0.008307307974076594,,
M50,TJU,1,0,91,65,26,4000,0.006113762148047497,,
M50,TJU,1,1,91,65,26,4000,0.010012215484991848,,
M50,TJU,1,2,91,65,26,4000,0.008878384453605243,,
M50,TJU,1,3,91,65,26,3700,0.008937713490801576,,
M50,TJU,1,4,91,65,26,2900,0.009078354724476474,,
M50,TJU,0,1,91,65,26,1800,0.01066102099028212,,
M50,TJU,2,0,91,65,26,4000,0.007816493020110758,,
M50,TJU,2,1,91,65,26,3300,0.007211201617112846,,
M50,TJU,2,2,91,65,26,4000,0.008479350636441674,,
M50,TJU,2,3,91,65,26,3800,0.00785394778815649,,
M50,TJU,2,4,91,65,26,4000,0.007828449533853272,,
M50,TJU,0,2,91,65,26,3700,0.008654867349115533,,
M50,TJU,3,0,91,65,26,2400,0.009446360150327139,,
M50,TJU,3,1,91,65,26,4000,0.00911326831140885,,
M50,TJU,3,2,91,65,26,2800,0.008866645447399691,,
M50,TJU,3,3,91,65,26,3400,0.008402900513931756,,
M50,TJU,3,4,91,65,26,2900,0.009416768620873,,
M50,TJU,0,3,91,65,26,4000,0.007492831135045954,,
M50,TJU,4,0,91,65,26,3700,0.008635684899873035,,
M50,TJU,4,1,91,65,26,4000,0.0077397467202222495,,
M50,TJU,4,2,91,65,26,4000,0.008325570070225259,,
M50,TJU,4,3,91,65,26,4000,0.006941261210098124,,
M50,TJU,4,4,91,65,26,3300,0.006774642986417819,,
M50,TJU,0,4,91,65,26,4000,0.008267635950759121,,
P10,TJU,0,0,91,13,26,4000,0.013626427912885403,0.9621948599815369,29.1474296875
P10,TJU,1,0,91,13,26,3600,0.013249081208397916,0.957800030708313,28.779927734375
P10,TJU,1,1,91,13,26,3100,0.014081186149185786,0.9623212814331055,28.9502734375
P10,TJU,1,2,91,13,26,3300,0.011702370750188523,0.9582209587097168,28.7686171875
P10,TJU,1,3,91,13,26,2000,0.012883044227777227,0.9565402269363403,28.9869609375
P10,TJU,1,4,91,13,26,4000,0.01025735839832579,0.9619935750961304,28.9062890625
P10,TJU,0,1,91,13,26,3700,0.013573961869748307,0.9533573985099792,28.64628515625
P10,TJU,2,0,91,13,26,4000,0.011246557808933797,0.9559378027915955,28.941669921875
P10,TJU,2,1,91,13,26,3400,0.009421188559211825,0.9585152268409729,29.021080078125
P10,TJU,2,2,91,13,26,3500,0.010845105535552546,0.9619731903076172,28.98930859375
P10,TJU,2,3,91,13,26,4000,0.010597060412488958,0.9594659805297852,28.696404296875
P10,TJU,2,4,91,13,26,2800,0.012475913473107862,0.960083544254303,29.04449609375
P10,TJU,0,2,91,13,26,3700,0.010426907289550327,0.9575424194335938,29.0094609375
P10,TJU,3,0,91,13,26,3800,0.010725241162042357,0.9527395963668823,28.989529296875
P10,TJU,3,1,91,13,26,4000,0.01119565804402347,0.9585860967636108,28.943638671875
P10,TJU,3,2,91,13,26,3700,0.009888598471502077,0.9466953873634338,28.671921875
P10,TJU,3,3,91,13,26,4000,0.01035512103043536,0.959216296672821,29.12348046875
P10,TJU,3,4,91,13,26,3400,0.01075836331252985,0.9565974473953247,29.014609375
P10,TJU,0,3,91,13,26,2400,0.011074565671553478,0.9569554328918457,28.84778515625
P10,TJU,4,0,91,13,26,3100,0.011191513448618252,0.9536705017089844,28.840330078125
P10,TJU,4,1,91,13,26,4000,0.01388228390506122,0.9581006765365601,28.79100390625
P10,TJU,4,2,91,13,26,4000,0.010611884220786717,0.9563326239585876,28.8101484375
P10,TJU,4,3,91,13,26,4000,0.010164690703516032,0.9571459293365479,28.78205859375
P10,TJU,4,4,91,13,26,3700,0.012135561884388708,0.9574692845344543,28.7436796875
P10,TJU,0,4,91,13,26,2900,0.011102324424813327,0.9637362957000732,28.98248828125
P50,TJU,0,0,91,65,26,4000,0.008143802911981904,0.9594321250915527,28.81007421875
P50,TJU,1,0,91,65,26,4000,0.006317564514221556,0.9620299339294434,28.939923828125
P50,TJU,1,1,91,65,26,3900,0.010630173206586031,0.9616190195083618,28.588470703125
P50,TJU,1,2,91,65,26,1900,0.011052843559138468,0.9630773067474365,29.197439453125
P50,TJU,1,3,91,65,26,3400,0.008124098828511155,0.9549661874771118,28.796833984375
P50,TJU,1,4,91,65,26,3800,0.009018639755366138,0.9615289568901062,28.758130859375
P50,TJU,0,1,91,65,26,1600,0.010285942094755491,0.9600870609283447,29.111779296875
P50,TJU,2,0,91,65,26,4000,0.007583630430843632,0.9559692144393921,28.923966796875
P50,TJU,2,1,91,65,26,3100,0.00691407649108883,0.9565455913543701,28.914916015625
P50,TJU,2,2,91,65,26,1900,0.011025422333216057,0.9643025398254395,29.179546875
P50,TJU,2,3,91,65,26,2100,0.009629291237255151,0.9614070653915405,29.10569140625
P50,TJU,2,4,91,65,26,2500,0.009370296005894917,0.9636567831039429,29.091212890625
P50,TJU,0,2,91,65,26,3700,0.00773414867344516,0.958889901638031,28.844828125
P50,TJU,3,0,91,65,26,3500,0.009587095515195848,0.9529905915260315,28.760912109375
P50,TJU,3,1,91,65,26,4000,0.008443959359690523,0.9582990407943726,28.970279296875
P50,TJU,3,2,91,65,26,4000,0.007461443203340016,0.9498385787010193,28.762501953125
P50,TJU,3,3,91,65,26,3900,0.007601160818150006,0.9566291570663452,28.8253359375
P50,TJU,3,4,91,65,26,2300,0.008994820366607854,0.9575004577636719,29.041443359375
P50,TJU,0,3,91,65,26,4000,0.007075029089254394,0.959297239780426,28.723416015625
P50,TJU,4,0,91,65,26,4000,0.008168737307555185,0.9511094093322754,28.738833984375
P50,TJU,4,1,91,65,26,4000,0.00799998107315606,0.9562618732452393,28.7051875
P50,TJU,4,2,91,65,26,4000,0.00821967675893203,0.9525718688964844,28.716140625
P50,TJU,4,3,91,65,26,2500,0.008177920007839507,0.9606398344039917,29.01118359375
P50,TJU,4,4,91,65,26,2900,0.00727087880204732,0.955998957157135,28.809099609375
P50,TJU,0,4,91,65,26,4000,0.007634263523093097,0.9585088491439819,28.85772265625
M10,XJTU,0,0,38,6,11,3200,0.01783874420754381,,
M10,XJTU,1,0,38,6,11,3700,0.01563083100418112,,
M10,XJTU,1,1,38,6,11,2600,0.014520609373064128,,
M10,XJTU,1,2,38,6,11,3800,0.013697622933136143,,
M10,XJTU,1,3,38,6,11,4000,0.011880463782879012,,
M10,XJTU,1,4,38,6,11,3700,0.03168574962209132,,
M10,XJTU,0,1,38,6,11,3400,0.018787820791376048,,
M10,XJTU,2,0,38,6,11,4000,0.01800095242252449,,
M10,XJTU,2,1,38,6,11,4000,0.020194632012573235,,
M10,XJTU,2,2,38,6,11,4000,0.030957300618220943,,
M10,XJTU,2,3,38,6,11,4000,0.01699786102710469,,
M10,XJTU,2,4,38,6,11,3700,0.02623335898640644,,
M10,XJTU,0,2,38,6,11,2500,0.019922776124348302,,
M10,XJTU,3,0,38,6,11,4000,0.020215691592434214,,
M10,XJTU,3,1,38,6,11,3000,0.01786134072908461,,
M10,XJTU,3,2,38,6,11,4000,0.024647947866591684,,
M10,XJTU,3,3,38,6,11,4000,0.019751648132188913,,
M10,XJTU,3,4,38,6,11,4000,0.019232763650887316,,
M10,XJTU,0,3,38,6,11,4000,0.009291093671873371,,
M10,XJTU,4,0,38,6,11,1900,0.022620448321919482,,
M10,XJTU,4,1,38,6,11,4000,0.02048025450368566,,
M10,XJTU,4,2,38,6,11,3700,0.02277831802596817,,
M10,XJTU,4,3,38,6,11,4000,0.014327224258516656,,
M10,XJTU,4,4,38,6,11,2800,0.014071213569449442,,
M10,XJTU,0,4,38,6,11,3300,0.017927035957386497,,
M50,XJTU,0,0,38,28,11,3200,0.01270508366995569,,
M50,XJTU,1,0,38,28,11,4000,0.012442080361722964,,
M50,XJTU,1,1,38,28,11,2000,0.011517519788125605,,
M50,XJTU,1,2,38,28,11,3900,0.011961349772056864,,
M50,XJTU,1,3,38,28,11,2100,0.012784568009660883,,
M50,XJTU,1,4,38,28,11,4000,0.026186808302100236,,
M50,XJTU,0,1,38,28,11,4000,0.00967196034635846,,
M50,XJTU,2,0,38,28,11,4000,0.010559362581589998,,
M50,XJTU,2,1,38,28,11,4000,0.010441454357196504,,
M50,XJTU,2,2,38,28,11,4000,0.0128317868625614,,
M50,XJTU,2,3,38,28,11,3600,0.012870881454292892,,
M50,XJTU,2,4,38,28,11,3700,0.009574295299120218,,
M50,XJTU,0,2,38,28,11,3900,0.013026365886755252,,
M50,XJTU,3,0,38,28,11,4000,0.008922503275845754,,
M50,XJTU,3,1,38,28,11,4000,0.01267777136746704,,
M50,XJTU,3,2,38,28,11,4000,0.01342597335264536,,
M50,XJTU,3,3,38,28,11,4000,0.011384250138950463,,
M50,XJTU,3,4,38,28,11,4000,0.010980793170137398,,
M50,XJTU,0,3,38,28,11,3300,0.00896302071330386,,
M50,XJTU,4,0,38,28,11,1600,0.022092179261642555,,
M50,XJTU,4,1,38,28,11,4000,0.01208385041966213,,
M50,XJTU,4,2,38,28,11,2500,0.017773135189528947,,
M50,XJTU,4,3,38,28,11,4000,0.01165327516491296,,
M50,XJTU,4,4,38,28,11,3500,0.011134910511062312,,
M50,XJTU,0,4,38,28,11,4000,0.01199044938451408,,
P10,XJTU,0,0,38,6,11,3100,0.013212230530927049,0.9624668955802917,30.0
P10,XJTU,1,0,38,6,11,4000,0.011933086442550575,0.984309196472168,30.0
P10,XJTU,1,1,38,6,11,1900,0.012682723628111755,0.966779887676239,30.0
P10,XJTU,1,2,38,6,11,3700,0.010547265997264375,0.9642249941825867,30.0
P10,XJTU,1,3,38,6,11,4000,0.013244435065047428,0.9612511396408081,30.0
P10,XJTU,1,4,38,6,11,4000,0.021164368107637374,0.9603589177131653,30.0
P10,XJTU,0,1,38,6,11,2300,0.013684838359816945,0.9646836519241333,30.0
P10,XJTU,2,0,38,6,11,1900,0.015377068986075142,0.9642553925514221,30.0
P10,XJTU,2,1,38,6,11,2700,0.011326224788812705,0.9587385654449463,30.0
P10,XJTU,2,2,38,6,11,2900,0.01880563522728396,0.962828516960144,30.0
P10,XJTU,2,3,38,6,11,2100,0.011359625413771255,0.963859498500824,30.0
P10,XJTU,2,4,38,6,11,3900,0.015045613433462548,0.9577430486679077,30.0
P10,XJTU,0,2,38,6,11,2100,0.013803016011028488,0.9667866826057434,30.0
P10,XJTU,3,0,38,6,11,3200,0.011705083793780402,0.9621045589447021,30.0
P10,XJTU,3,1,38,6,11,1900,0.0162864504804271,0.9650306701660156,30.0
P10,XJTU,3,2,38,6,11,4000,0.016990427729010896,0.963684618473053,30.0
P10,XJTU,3,3,38,6,11,4000,0.01105203495444621,0.9650263786315918,30.0
P10,XJTU,3,4,38,6,11,4000,0.010133187768940724,0.9581278562545776,30.0
P10,XJTU,0,3,38,6,11,2500,0.00906362051358568,0.9614234566688538,30.0
P10,XJTU,4,0,38,6,11,2000,0.016366215680231517,0.9590139389038086,30.0
P10,XJTU,4,1,38,6,11,2600,0.013262790297781388,0.9631397724151611,30.0
P10,XJTU,4,2,38,6,11,2900,0.015613973998165989,0.9569791555404663,30.0
P10,XJTU,4,3,38,6,11,3700,0.013101520865667063,0.9552136659622192,30.0
P10,XJTU,4,4,38,6,11,1900,0.01164853815220037,0.9594669342041016,30.0
P10,XJTU,0,4,38,6,11,2300,0.010658036361461596,0.965610146522522,30.0
P50,XJTU,0,0,38,28,11,2000,0.015379572114262226,0.9636839628219604,30.0
P50,XJTU,1,0,38,28,11,4000,0.01093782202766496,0.9707723259925842,30.0
P50,XJTU,1,1,38,28,11,2800,0.01115614266367966,0.9669463634490967,30.0
P50,XJTU,1,2,38,28,11,4000,0.010595319752834325,0.9667007327079773,30.0
P50,XJTU,1,3,38,28,11,2400,0.01095678765950675,0.9665741920471191,30.0
P50,XJTU,1,4,38,28,11,3600,0.018238619301186854,0.964950442314148,30.0
P50,XJTU,0,1,38,28,11,3800,0.01050029979268311,0.9674636125564575,30.0
P50,XJTU,2,0,38,28,11,1900,0.014528376636556898,0.9673239588737488,30.0
P50,XJTU,2,1,38,28,11,2200,0.010921456751621159,0.9630521535873413,30.0
P50,XJTU,2,2,38,28,11,3300,0.01191297086751517,0.9672954082489014,30.0
P50,XJTU,2,3,38,28,11,2300,0.01063321325241651,0.966090977191925,30.0
P50,XJTU,2,4,38,28,11,2800,0.010390913163323,0.9640273451805115,30.0
P50,XJTU,0,2,38,28,11,1800,0.01208041934780683,0.9662410616874695,30.0
P50,XJTU,3,0,38,28,11,3100,0.00926994797460473,0.9654111862182617,30.0
P50,XJTU,3,1,38,28,11,1800,0.014371065124955083,0.9665193557739258,30.0
P50,XJTU,3,2,38,28,11,4000,0.011581141670597022,0.9623545408248901,30.0
P50,XJTU,3,3,38,28,11,2100,0.010300597768308462,0.9651322364807129,30.0
P50,XJTU,3,4,38,28,11,4000,0.008302515195734675,0.9602895975112915,30.0
P50,XJTU,0,3,38,28,11,2800,0.00975326777635803,0.9654900431632996,30.0
P50,XJTU,4,0,38,28,11,1700,0.0182558381639717,0.9544127583503723,30.0
P50,XJTU,4,1,38,28,11,4000,0.011290519446955891,0.9664907455444336,30.0
P50,XJTU,4,2,38,28,11,2000,0.016857558732980733,0.9609112739562988,30.0
P50,XJTU,4,3,38,28,11,3500,0.012110427144120951,0.9623295664787292,30.0
P50,XJTU,4,4,38,28,11,1800,0.011290803360142255,0.9629316926002502,30.0
P50,XJTU,0,4,38,28,11,2700,0.01146482939229292,0.9636064171791077,30.0
