model,frac,bo,MAE_cell,lo,hi,n_cell
mlp,0.1,XJTU,0.024724320925755074,0.019493702478646686,0.030653061183122245,55
mlp,0.1,TJU,0.015496058718107261,0.01417355014716931,0.016917776150341488,130
mlp,0.1,MIT,0.008542837728752221,0.006746933134004738,0.010648576260070894,125
mlp,0.1,HUST,0.03795414931897287,0.0336405047534159,0.04254835491271276,77
mlp,0.3,XJTU,0.01594568211965269,0.012823589882907606,0.02002168334838946,55
mlp,0.3,TJU,0.011327151978658842,0.010323072485652028,0.012357182195838931,130
mlp,0.3,MIT,0.0033964461060547358,0.00300807289631728,0.003900254974617221,125
mlp,0.3,HUST,0.01980214057595174,0.017740550119536316,0.022213437055332276,77
mlp,0.5,XJTU,0.014582594521189636,0.011536564337990782,0.018885076636509818,55
mlp,0.5,TJU,0.009993471789161304,0.009077401435350935,0.010961248758035646,130
mlp,0.5,MIT,0.0030390872823795466,0.002712925001363551,0.0034459483988210997,125
mlp,0.5,HUST,0.017728566465295754,0.015526355626156627,0.02037746674832197,77
mlp,0.7,XJTU,0.012743416128206382,0.010301621794378,0.01610168281514946,55
mlp,0.7,TJU,0.009636105284776191,0.008705277846978747,0.01061731884203988,130
mlp,0.7,MIT,0.002858704270344163,0.0025582642085838683,0.0032407100871729793,125
mlp,0.7,HUST,0.016936580435794626,0.014892125431182087,0.019405014511159495,77
pinn_semi,0.1,XJTU,0.014934990248449768,0.012843729297047742,0.017265797491479534,55
pinn_semi,0.1,TJU,0.013906576877063525,0.012741562381232134,0.015109657945229607,130
pinn_semi,0.1,MIT,0.0033362771661739608,0.003036950101822719,0.003652544870149907,125
pinn_semi,0.1,HUST,0.02298176687868958,0.02062709229554674,0.025564073800462193,77
pinn_semi,0.3,XJTU,0.01344136649728584,0.011464000221999053,0.015778009847784845,55
pinn_semi,0.3,TJU,0.010847686228404513,0.009872469482653006,0.011864024748815684,130
pinn_semi,0.3,MIT,0.002575299012619748,0.002333273869133269,0.0028333808744410516,125
pinn_semi,0.3,HUST,0.017298190121971577,0.01533353834035083,0.019597886044979154,77
pinn_semi,0.5,XJTU,0.013519250210119477,0.011443615699526429,0.01596239354944458,55
pinn_semi,0.5,TJU,0.010457906168937367,0.009436815311373855,0.011548316884163376,130
pinn_semi,0.5,MIT,0.002475771663565553,0.002236263412637307,0.002726672802895903,125
pinn_semi,0.5,HUST,0.016114644402899912,0.014175112250373762,0.018385302180686534,77
pinn_semi,0.7,XJTU,0.012190613616257753,0.010205934244345315,0.014831505878108815,55
pinn_semi,0.7,TJU,0.010516447262577035,0.009444843653496036,0.011646103653318652,130
pinn_semi,0.7,MIT,0.002436477145019766,0.0022068983462628913,0.002685718357615746,125
pinn_semi,0.7,HUST,0.015992570472772742,0.01409691550897693,0.01825693623352325,77
